ALLG-72;AMERICAN EXPERIENCE;AT2000 (Suavizada 10%)_FEM;AT2000 (Suavizada 10%)_MAS;AT-2000 FEMALE;AT-2000 MALE;AT-49 FEMALE;AT-49 MALE;AT-50;AT-55;AT-71;AT-83 FEMALE (Basic);AT-83 FEMALE (IAM);AT-83 MALE (Basic);AT-83 MALE (IAM);BR-EMSmt-v.2010-f;BR-EMSmt-v.2010-m;BR-EMSsb-v.2010-f;BR-EMSsb-v.2010-m;BR-EMSmt-v.2015-f;BR-EMSmt-v.2015-m;BR-EMSsb-v.2015-f;BR-EMSsb-v.2015-m;BR-EMSmt-v.2021-f;BR-EMSmt-v.2021-m;BR-EMSsb-v.2021-f;BR-EMSsb-v.2021-m;CSG-60;CSO-41;CSO-58;CSO58 - FEM - AGE LAST;CSO58 - FEM - AGE NEAREST;CSO58 - MAS - AGE LAST;CSO58 - MAS - AGE NEAREST;CSO58 FEMALE;CSO58 MALE;CSO80;EB7-75;GAM-71 FEMALE;GAM-71 MALE;GAM-83 - FEMALE (suav 10%);GAM83_BÁSICA - FEMALE;GAM83_BÁSICA - MASC;GAM-83 - MASC (suav 10%);GAM-94 FEMALE;GAM-94MALE;GKF-95;GKM-70;GKM-80;GKM-95;GR-95 MALE;GR-95FEMALE;GRUPAL AMERICANA;HUNTER SEMITROPICAL;IBGE 2006              Ambos os Sexos;IBGE 2007                 Ambos os Sexos;IBGE 2008                 Ambos os Sexos;IBGE 2009                 Ambos os Sexos;Prudential-50;Rentiers Français;RP-2000 FEMALE;RP-2000MALE;SGB-51;SGB-71;SGB-75;UP-84 F;UP-84 M;UP84_MAS_&_FEM;UP-94 FEMALE;UP-94 MALE;USTP-61;X-17
0;0.1547;0.001615;0.00208;0.001794;0.002311;0.00321;0.00404;0;0;0;0;0.001835;0;0.00269;0.00128;0.00274;0.00038;0.002;0.0004151;0.0003911;0.0003438;0.0003372;0.0003545253;0.0003707975;0.0002926024;0.000352673;0.00832;0.02258;0.00708;0.0039421;0.0062;0.0044295;0.00708;0.00548;0.00633;0.00418;0;0.002219;0.003255;0;0;0;0;0;0;0;0;0;0;0;0;0;0;0.024890523790897;0.0240358121680349;0.0232951829850518;0.0224672907188814;0;0.03602;0;0;0;0.001295;0;0;0;0;0;0;0;0
0;0.06349;0.00068;0.000815;0.000755;0.000906;0.00136;0.00158;0;0;0;0;0.000778;0;0.001053;0.00046;0.00095;0.00038;0.00069;0.0001843;0.0002025;0.0001527;0.0001568;0.0002256076;0.000242085;0.0001921118;0.0002263863;0.00207;0.00577;0.00176;0.0015401;0.00167;0.00164;0.00176;0.00094;0.001;0.00107;0;0.00094;0.001274;0;0;0;0;0.000531;0.000592;0;0;0;0;0;0;0;0;0.00229205033335224;0.00218245712963264;0.00229121577429579;0.00215167758773931;0;0.02749;0.000571;0.000637;0;0.001295;0;0;0;0;0.000571;0.000637;0;0
0;0.0355;0.000353;0.000454;0.000392;0.000504;0.000703;0.000887;0;0;0;0;0.000402;0;0.000591;0.00025;0.00048;0.0002;0.00035;0.0001048;0.000135;0.0001159;0.0000941;0.0001953352;0.0002129199;0.0001545556;0.0001963496;0.00179;0.00414;0.00152;0.0013801;0.00141;0.0014901;0.00152;0.00067;0.00075;0.00099;0;0.000486;0.000715;0;0;0;0;0.000346;0.0004;0;0;0;0;0;0;0;0;0.00125495428183312;0.00119806187580827;0.00118788523458583;0.00113241634611964;0;0.02085;0.000372;0.00043;0;0.001295;0;0;0;0;0.000372;0.00043;0;0
0;0.02391;0.000261;0.000367;0.00029;0.000408;0.000521;0.000715;0;0;0;0;0.000298;0;0.000476;0.00016;0.0003;0.00013;0.00022;0.0000732;0.0001068;0.0000791;0.0000688;0.00018014;0.0001991131;0.0001342011;0.0001813874;0.00172;0.00338;0.00146;0.00132;0.00135;0.00143;0.00146;0.0006;0.00068;0.00098;0;0.00036;0.000576;0;0;0;0;0.000258;0.000332;0;0;0;0;0;0;0;0;0.000921733707427187;0.000880192565050133;0.00077836889412097;0.00075004337447619;0;0.01575;0.000278;0.000357;0;0.001295;0;0;0;0;0.000278;0.000357;0;0
0;0.0177;0.000209;0.000321;0.000232;0.000357;0.000419;0.000627;0;0;0;0;0.00024;0;0.000417;0.00012;0.00022;0.0001;0.00016;0.00006;0.0000948;0.0000576;0.0000582;0.0001711131;0.0001916189;0.0001214338;0.000172686;0.00165;0.00299;0.0014;0.001265;0.00129;0.0013749;0.0014;0.00053;0.00061;0.00095;0;0.00029;0.000505;0;0;0;0;0.000194;0.000259;0;0;0;0;0;0;0;0;0.000699397580282063;0.000658643505140142;0.000567656924337529;0.000551681341883049;0;0.01187;0.000208;0.000278;0;0.001295;0;0;0;0;0.000208;0.000278;0;0
0;0.0136;0.000171;0.000291;0.000189;0.000324;0.000339;0.000566;0;0.00037;0.00046;0.000215;0.000194;0.000419;0.000377;0.0001;0.00018;0.00008;0.00013;0.0000551;0.0000906;0.0000494;0.0000543;0.0001654968;0.0001876699;0.0001131862;0.0001673759;0.00159;0.00276;0.00135;0.001215;0.00124;0.001325;0.00135;0.00047;0.00055;0.0009;0;0.000234;0.000456;0.000171;0.00019;0.00038;0.000342;0.000175;0.000237;0;0;0;0;0;0;0;0;0.000479327974895028;0.000468624042669673;0.000441647243652654;0.000432223507351542;0;0.00897;0.000188;0.000255;0;0.001295;0;0;0;0;0.000188;0.000255;0;0
0;0.01137;0.000141;0.00027;0.000156;0.000301;0.000278;0.000526;0;0.00038;0.00042;0.000178;0.00016;0.000389;0.00035;0.00009;0.00016;0.00007;0.00012;0.0000543;0.0000909;0.0000471;0.0000539;0.0001621639;0.0001861928;0.0001087677;0.0001641625;0.00153;0.00261;0.0013;0.00117;0.00119;0.0012801;0.0013;0.00041;0.00049;0.00086;0;0.000193;0.000424;0.00014;0.000156;0.000353;0.000318;0.000163;0.000227;0;0;0;0;0;0;0;0;0.000385499831760881;0.00037213134877371;0.000360110200816805;0.000354399349896365;0;0.00687;0.000176;0.000244;0;0.001295;0;0;0;0;0.000176;0.000244;0;0
0;0.00975;0.000118;0.000257;0.000131;0.000286;0.000234;0.0005;0;0.00039;0.0004;0.000149;0.000134;0.00037;0.000333;0.00009;0.00015;0.00007;0.00011;0.0000558;0.0000938;0.0000475;0.0000555;0.0001608317;0.0001866695;0.0001089789;0.0001629112;0.00148;0.00247;0.00126;0.001135;0.00115;0.001245;0.00126;0.00036;0.00044;0.0008;0;0.000162;0.000403;0.000118;0.000131;0.000336;0.000302;0.000153;0.000217;0;0;0;0;0;0;0;0;0.000313937890389606;0.000300602044301992;0.000305742912504531;0.00030208033083227;0;0.0054;0.000165;0.000234;0;0.001295;0;0;0;0;0.000165;0.000234;0;0
0;0.00863;0.000118;0.000294;0.000131;0.000328;0.000207;0.000487;0;0.0004;0.00039;0.000149;0.000134;0.000391;0.000352;0.00009;0.00015;0.00008;0.00011;0.0000588;0.0000987;0.0000496;0.0000584;0.0001621559;0.000189483;0.0001148906;0.0001633819;0.00145;0.00231;0.00123;0.0011151;0.00112;0.0012199;0.00123;0.00032;0.0004;0.00076;0;0.000143;0.000392;0.000104;0.000116;0.000327;0.000294;0.000137;0.000201;0;0;0;0;0;0;0;0;0.000281258331303202;0.000268812798490316;0.000270577111362871;0.000267761087039506;0;0.00443;0.000147;0.000216;0;0.001295;0;0;0;0;0.000147;0.000216;0;0
0;0.0079;0.000121;0.000325;0.000134;0.000362;0.000193;0.000482;0;0.00041;0.00039;0.000151;0.000136;0.000409;0.000368;0.00011;0.00016;0.00009;0.00012;0.0000627;0.0001052;0.0000526;0.0000624;0.0001676263;0.0001961013;0.0001271234;0.0001663195;0.00142;0.00212;0.00121;0.0011099;0.00111;0.00121;0.00121;0.0003;0.00037;0.00074;0;0.000134;0.000389;0.000097;0.000108;0.000324;0.000292;0.00013;0.000194;0;0;0;0;0;0;0;0;0.000273112096763254;0.000260614524129726;0.000251446369483614;0.000248353543468498;0;0.00388;0.00014;0.000209;0;0.001295;0;0;0;0;0.00014;0.000209;0;0
0;0.00749;0.000126;0.00035;0.00014;0.00039;0.000191;0.000483;0.000483;0.00042;0.00039;0.000156;0.000141;0.000424;0.000382;0.00014;0.00018;0.00012;0.00013;0.0000675;0.0001141;0.0000565;0.0000673;0.000179138;0.0002091557;0.0001454426;0.0001731675;0.00142;0.00197;0.00121;0.001115;0.00111;0.00122;0.00121;0.00029;0.00036;0.00073;0;0.000132;0.00039;0.000096;0.000107;0.000325;0.000293;0.000131;0.000197;0;0;0;0;0;0;0;0;0.000275207206814092;0.000262362742604544;0.000248437381857717;0.00024371660574609;0;0.00364;0.000141;0.000212;0;0.001295;0;0;0;0;0.000141;0.000212;0;0
0;0.00752;0.000133;0.000371;0.000148;0.000413;0.000208;0.000492;0.000492;0.00043;0.0004;0.000163;0.000147;0.000438;0.000394;0.00018;0.00021;0.00015;0.00015;0.000073;0.0001277;0.000061;0.0000738;0.0001979666;0.0002325625;0.0001684839;0.0001862037;0.00145;0.00191;0.00123;0.0011301;0.00112;0.001245;0.00123;0.00029;0.00037;0.00077;0;0.000143;0.000397;0.000104;0.000116;0.000331;0.000298;0.000138;0.000208;0;0;0;0;0;0;0;0;0.000283473071369471;0.000270167802462902;0.00026465746333667;0.000256377322997463;0;0.00366;0.000143;0.000219;0;0.001295;0;0;0;0;0.000148;0.000223;0;0
0;0.00754;0.000142;0.000388;0.000158;0.000431;0.000225;0.000502;0.000502;0.000441;0.00041;0.000172;0.000155;0.00045;0.000405;0.00022;0.00026;0.00018;0.00019;0.0000791;0.0001509;0.0000664;0.0000831;0.0002240586;0.0002699656;0.000194344;0.0002096997;0.00148;0.00192;0.00126;0.0011549;0.00114;0.00129;0.00126;0.0003;0.00039;0.00085;0;0.000155;0.000405;0.000113;0.000126;0.000338;0.000304;0.000148;0.000226;0;0;0;0;0;0;0;0;0.00031423746663992;0.000306526821646533;0.000306856673026091;0.000292000650141141;0;0.00387;0.000148;0.000228;0;0.001295;0;0;0;0;0.000159;0.000243;0;0
0;0.00757;0.000152;0.000402;0.00017;0.000446;0.000242;0.000512;0.000512;0.000452;0.00041;0.000183;0.000165;0.000461;0.000415;0.00026;0.00033;0.00022;0.00024;0.0000862;0.0001911;0.0000731;0.0000971;0.0002555375;0.0003236332;0.000220953;0.0002486764;0.00155;0.00198;0.00132;0.00119;0.00117;0.001355;0.00132;0.00032;0.00044;0.00099;0;0.000167;0.000413;0.000122;0.000135;0.000344;0.00031;0.000164;0.000255;0;0;0;0;0;0;0;0;0.000429930374409817;0.000415831343617894;0.000386896412111926;0.000350269465078378;0;0.00422;0.000155;0.00024;0;0.001295;0;0;0;0;0.000177;0.000275;0;0
0.00065;0.0076;0.000164;0.000414;0.000183;0.000458;0.00026;0.000524;0.000524;0.000463;0.00042;0.000195;0.000175;0.000472;0.000425;0.0003;0.00042;0.00025;0.00031;0.000095;0.0002557;0.0000825;0.0001182;0.0002898166;0.0003935276;0.0002465344;0.0003057705;0.00163;0.00207;0.00139;0.001235;0.00121;0.001425;0.00139;0.00035;0.0005;0.00115;0.000871;0.00018;0.000422;0.000131;0.000146;0.000352;0.000317;0.000189;0.000297;0;0;0;0;0;0;0;0;0.000557386606947056;0.000538322738100519;0.000524326337616263;0.000488779076122981;0;0.00466;0.000162;0.000254;0.002599;0.001295;0.001374;0;0;0;0.000203;0.00032;0.00059;0.00087
0.00062;0.00763;0.000177;0.000425;0.000197;0.00047;0.000278;0.000537;0.000537;0.000475;0.00043;0.000209;0.000188;0.000483;0.000435;0.00033;0.00053;0.00027;0.00039;0.000108;0.0003486;0.0000968;0.0001487;0.0003238074;0.0004763501;0.0002694449;0.0003793169;0.00172;0.00215;0.00146;0.00129;0.00126;0.0015;0.00146;0.00039;0.00056;0.00133;0.001006;0.000193;0.000433;0.00014;0.000156;0.000361;0.000325;0.000216;0.000345;0.0002959;0.001195;0.001079;0.001579;0.001288;0.000318;0.00229;0;0.000780700501889586;0.000765055699907668;0.000743404754889701;0.000718515435089522;0.000531;0.00515;0.00017;0.000269;0.002636;0.001488;0.001407;0.001489;0.001414;0.001453;0.000233;0.000371;0.00071;0.001
0.00085;0.00766;0.00019;0.000437;0.000212;0.000481;0.000296;0.000551;0.000551;0.000488;0.00044;0.000224;0.000201;0.000495;0.000446;0.00035;0.00065;0.00029;0.00048;0.0001299;0.0004682;0.000122;0.0001909;0.000354625;0.0005678099;0.0002887738;0.0004648048;0.00181;0.00219;0.00154;0.001355;0.00132;0.00158;0.00154;0.00044;0.00063;0.00151;0.00115;0.000205;0.000444;0.000149;0.000166;0.00037;0.000333;0.000242;0.000391;0.0003317;0.00121;0.0010912;0.001595;0.001289;0.00032;0.0023;0;0.000962806514469353;0.000936043975667439;0.000916970458258404;0.000890778624494966;0.000544;0.00565;0.000177;0.000284;0.002677;0.001694;0.001444;0.001479;0.001385;0.001437;0.000261;0.000421;0.00082;0.00113
0.00112;0.00769;0.000204;0.000449;0.000228;0.000495;0.000315;0.000567;0.000567;0.000502;0.00046;0.000239;0.000214;0.000508;0.000458;0.00037;0.00078;0.0003;0.00057;0.0001653;0.0006352;0.0001428;0.0002796;0.0003804072;0.0006615395;0.0003041347;0.0005570015;0.0019;0.00225;0.00162;0.001425;0.00139;0.0016549;0.00162;0.0005;0.0007;0.00167;0.001268;0.000218;0.000457;0.000159;0.000177;0.000381;0.000343;0.000262;0.00043;0.0003427;0.001225;0.0011034;0.001601;0.00129;0.000322;0.0023;0;0.00113284525444061;0.00110206819340551;0.00107975857288369;0.00105122434661835;0.000559;0.0061;0.000184;0.000301;0.002722;0.001859;0.001485;0.001467;0.001351;0.001414;0.000281;0.000463;0.00093;0.00125
0.00132;0.00773;0.000219;0.000463;0.000244;0.00051;0.000334;0.000584;0.000584;0.000517;0.00047;0.000255;0.000229;0.000523;0.000472;0.00037;0.0009;0.00031;0.00066;0.0002244;0.0008963;0.0001708;0.000374;0.0004002628;0.0007515943;0.0003156078;0.0006461586;0.00199;0.0023;0.00169;0.0015;0.00146;0.001715;0.00169;0.00056;0.00076;0.00178;0.001314;0.000231;0.000471;0.000168;0.000187;0.000392;0.000353;0.000273;0.00046;0.0003392;0.00124;0.0011156;0.001595;0.001291;0.000324;0.00231;0;0.00127843651842829;0.00124406437266307;0.00122025624215039;0.00118791567383736;0.000576;0.00648;0.000188;0.000316;0.002771;0.001918;0.001529;0.001453;0.001311;0.001385;0.000293;0.000495;0.00102;0.00134
0.00135;0.00777;0.000234;0.00048;0.00026;0.000528;0.000354;0.000603;0.000603;0.000534;0.00049;0.000271;0.000244;0.00054;0.000488;0.00037;0.00101;0.0003;0.00074;0.0002806;0.0010702;0.0002035;0.0004909;0.0004141746;0.0008328873;0.0003234593;0.0007265512;0.00203;0.00237;0.00174;0.00158;0.00154;0.0017649;0.00174;0.00063;0.0008;0.00186;0.001325;0.000245;0.000486;0.000179;0.000199;0.000405;0.000365;0.00028;0.000484;0.0003303;0.001255;0.0011278;0.001579;0.001292;0.000326;0.00232;0;0.00140307208006365;0.00136543211328755;0.00134134343917141;0.00130418939082037;0.000594;0.00675;0.00019;0.000331;0.002826;0.001925;0.001579;0.001437;0.001267;0.001351;0.000301;0.000521;0.00108;0.00141
0.00132;0.0078;0.00025;0.000499;0.000277;0.000549;0.000376;0.000624;0.000624;0.000553;0.0005;0.000288;0.00026;0.000559;0.000505;0.00037;0.0011;0.0003;0.0008;0.0003307;0.0011606;0.0002313;0.0006045;0.0004229018;0.0009020711;0.0003283383;0.0007931791;0.00209;0.00243;0.00179;0.0016549;0.00162;0.00181;0.00179;0.0007;0.00084;0.0019;0.001336;0.00026;0.000503;0.000189;0.00021;0.000419;0.000377;0.000284;0.000507;0.0003262;0.00127;0.00114;0.00155;0.001294;0.000329;0.00233;0.00896;0.00153028939160493;0.00148934750859577;0.00146532071987568;0.00142294498045291;0.000614;0.0069;0.000191;0.000345;0.002886;0.001932;0.001633;0.001414;0.001219;0.001311;0.000305;0.000545;0.00115;0.00146
0.00128;0.00786;0.000265;0.000519;0.000294;0.000573;0.000398;0.000648;0.000648;0.000574;0.00052;0.000306;0.000276;0.000581;0.000525;0.00036;0.00117;0.0003;0.00085;0.0003653;0.0011614;0.000252;0.0007069;0.0004275454;0.0009569951;0.0003308993;0.0008437119;0.00214;0.00251;0.00183;0.001715;0.00169;0.0018449;0.00183;0.00076;0.00087;0.00191;0.001347;0.000275;0.000522;0.000201;0.000223;0.000435;0.000392;0.000286;0.00053;0.0003364;0.001285;0.0011522;0.001509;0.001295;0.000342;0.00234;0.00901;0.00165733023280545;0.00163000601872259;0.00158842707079673;0.00154128102128597;0.000636;0.00692;0.000192;0.000357;0.002953;0.001939;0.001693;0.001385;0.001167;0.001267;0.000308;0.00057;0.00122;0.00149
0.00112;0.00791;0.000281;0.000542;0.000312;0.000599;0.000421;0.000674;0.000674;0.000597;0.00054;0.000325;0.000293;0.000605;0.000546;0.00036;0.00122;0.00029;0.00089;0.0003893;0.0011614;0.0002726;0.0007623;0.0004295039;0.0009976223;0.0003319107;0.0008765021;0.00218;0.00259;0.00186;0.0017649;0.00174;0.0018749;0.00186;0.0008;0.00089;0.00189;0.001358;0.000292;0.000544;0.000212;0.000236;0.000453;0.000408;0.000289;0.000556;0.0003613;0.0013;0.0011644;0.001464;0.001296;0.000366;0.00236;0.00907;0.00175579666081236;0.00172679256131257;0.0016823498685537;0.00163134669998166;0.000661;0.00681;0.000194;0.000366;0.003027;0.001946;0.001758;0.001351;0.001149;0.001219;0.000311;0.000598;0.00127;0.00152
0.00117;0.00796;0.000298;0.000566;0.00033;0.000627;0.000446;0.000702;0.000702;0.000622;0.00057;0.000345;0.000311;0.000632;0.00057;0.00035;0.00125;0.00029;0.00092;0.0004;0.0011071;0.000287;0.0007817;0.0004303008;0.0010248766;0.0003319802;0.0008922445;0.00221;0.00268;0.00189;0.00181;0.00179;0.0019;0.00189;0.00084;0.00091;0.00186;0.00136;0.000309;0.000566;0.000225;0.00025;0.000471;0.000424;0.000292;0.000589;0.000391;0.001315;0.0011766;0.001424;0.001297;0.000395;0.00238;0.00915;0.00181741036824008;0.00178619800165479;0.00173848840202712;0.00168498463636952;0.000688;0.00662;0.000197;0.000373;0.003108;0.001946;0.001831;0.001311;0.001129;0.001167;0.000313;0.000633;0.00128;0.00154
0.00114;0.00801;0.000314;0.000592;0.000349;0.000657;0.000473;0.000733;0.000733;0.000649;0.00059;0.000366;0.00033;0.000661;0.000596;0.00035;0.00127;0.00029;0.00093;0.000398;0.001076;0.0002872;0.0007731;0.0004311444;0.0010403836;0.0003318578;0.000895003;0.00224;0.00277;0.00191;0.0018449;0.00183;0.0019199;0.00191;0.00087;0.00092;0.00182;0.001371;0.000327;0.000591;0.000239;0.000265;0.000493;0.000444;0.000291;0.000624;0.0004213;0.00133;0.0011888;0.001388;0.001298;0.000425;0.00241;0.00921;0.00185209574286902;0.00181824886450331;0.00176706095818302;0.00171206816380078;0.000718;0.00641;0.000201;0.000376;0.003198;0.001949;0.001911;0.001267;0.001107;0.001149;0.000313;0.000671;0.00127;0.00157
0.00112;0.00806;0.000331;0.000616;0.000367;0.000686;0.000501;0.000768;0.000768;0.000679;0.00062;0.000388;0.000349;0.000692;0.000622;0.00035;0.00127;0.00029;0.00093;0.0003921;0.0010557;0.0002883;0.0007544;0.0004332122;0.0010472052;0.0003320945;0.0008864633;0.00226;0.00288;0.00193;0.0018749;0.00186;0.001945;0.00193;0.00089;0.00093;0.00177;0.001382;0.000347;0.000619;0.000253;0.000281;0.000515;0.000464;0.000291;0.000661;0.0004514;0.001345;0.001201;0.001357;0.001299;0.000454;0.00244;0.00929;0.00187678400111469;0.00184025435386873;0.00178557673591015;0.00172938497699661;0.000751;0.00624;0.000207;0.000376;0.003297;0.001953;0.001999;0.001219;0.001083;0.001129;0.000313;0.000711;0.00126;0.00159
0.00111;0.00813;0.000347;0.000639;0.000385;0.000714;0.000531;0.000806;0.000806;0.000712;0.00065;0.00041;0.000368;0.000724;0.00065;0.00036;0.00127;0.00029;0.00093;0.0003997;0.0010491;0.0002895;0.0007373;0.0004374191;0.0010481314;0.0003333132;0.0008697844;0.00228;0.00299;0.00196;0.0019;0.00189;0.001975;0.00196;0.00091;0.00095;0.00173;0.001402;0.000368;0.00065;0.000268;0.000298;0.000542;0.000488;0.000294;0.000696;0.0004819;0.00136;0.0012132;0.001333;0.0013;0.000484;0.00249;0.00939;0.00190682308538256;0.00186760748992777;0.00180981011276266;0.00175217800517294;0.000787;0.0063;0.000214;0.000378;0.003407;0.001972;0.002096;0.001167;0.001058;0.001107;0.000316;0.000749;0.00125;0.00162
0.00112;0.0082;0.000362;0.000659;0.000403;0.000738;0.000563;0.000849;0.000849;0.000749;0.00068;0.000431;0.000387;0.000756;0.000677;0.00037;0.00126;0.0003;0.00092;0.0004128;0.0010373;0.0002978;0.0007298;0.0004445264;0.0010457511;0.0003359096;0.0008498267;0.0023;0.00311;0.00199;0.0019199;0.00191;0.0020099;0.00199;0.00092;0.00097;0.00171;0.001413;0.00039;0.000684;0.000284;0.000315;0.00057;0.000513;0.000302;0.000727;0.0005129;0.001375;0.0012254;0.001314;0.001301;0.000514;0.00254;0.00948;0.00194503311291275;0.00191405544149662;0.00184252836126922;0.00178330023920892;0.000828;0.00638;0.000223;0.000382;0.003527;0.001978;0.002204;0.001149;0.001083;0.001083;0.000324;0.000782;0.00126;0.00166
0.00115;0.00826;0.000376;0.000675;0.000419;0.000758;0.000598;0.000896;0.000896;0.000791;0.00072;0.000452;0.000405;0.000788;0.000704;0.00039;0.00126;0.00032;0.00092;0.0004337;0.0010233;0.0003144;0.0007258;0.0004551075;0.0010428245;0.0003403258;0.000828435;0.00233;0.00325;0.00203;0.001945;0.00193;0.0020549;0.00203;0.00093;0.001;0.0017;0.001452;0.000414;0.000722;0.000302;0.000335;0.000602;0.000542;0.000314;0.000754;0.0005448;0.00139;0.0012376;0.001302;0.001303;0.000546;0.0026;0.00958;0.00199849822197964;0.00195987390136254;0.00189096304359453;0.00182980001062341;0.000873;0.00646;0.000235;0.000393;0.003661;0.002022;0.002322;0.001129;0.001111;0.001058;0.000338;0.000811;0.0013;0.0017
0.00118;0.00834;0.000389;0.000687;0.000435;0.000774;0.000636;0.000947;0.000947;0.000839;0.00076;0.000473;0.000423;0.000819;0.000731;0.00041;0.00125;0.00033;0.00091;0.0004563;0.0010371;0.0003336;0.0007177;0.0004695738;0.0010417837;0.0003468454;0.0008091954;0.00236;0.0034;0.00208;0.001975;0.00196;0.0021049;0.00208;0.00095;0.00104;0.00171;0.001472;0.00044;0.000763;0.00032;0.000356;0.000636;0.000572;0.000331;0.000779;0.000578;0.001405;0.0012498;0.001297;0.001304;0.000578;0.00269;0.00971;0.00206541392379142;0.00202706843864535;0.00195325438373746;0.00188989147914751;0.000922;0.00654;0.000248;0.000412;0.003808;0.002041;0.002452;0.001107;0.001141;0.001083;0.000356;0.000838;0.00136;0.00176
0.00123;0.00843;0.000402;0.000694;0.00045;0.000784;0.000677;0.001004;0.001004;0.000893;0.00081;0.000493;0.000441;0.00085;0.000759;0.00044;0.00126;0.00035;0.00092;0.0004818;0.0010541;0.000348;0.0007211;0.000488241;0.001044681;0.0003559563;0.0007942939;0.0024;0.00356;0.00213;0.0020099;0.00199;0.00216;0.00213;0.00097;0.00108;0.00173;0.00152;0.000469;0.000809;0.000342;0.00038;0.000674;0.000607;0.000351;0.000801;0.0006126;0.001424;0.001262;0.0013;0.001306;0.000612;0.0028;0.00984;0.0021386603124801;0.00208531559146647;0.00202140366911578;0.00195589444468828;0.000976;0.00664;0.000264;0.000444;0.003971;0.002099;0.002595;0.001083;0.001173;0.001111;0.000377;0.000862;0.00143;0.00182
0.00128;0.00851;0.000414;0.000699;0.000463;0.000789;0.000721;0.001067;0.001067;0.000953;0.00086;0.000513;0.00046;0.000881;0.000786;0.00047;0.00127;0.00037;0.00093;0.0005078;0.0010763;0.0003575;0.0007342;0.0005112644;0.0010533364;0.0003676504;0.0007858324;0.00245;0.00373;0.00219;0.0020549;0.00203;0.0022199;0.00219;0.001;0.00113;0.00178;0.001568;0.000499;0.00086;0.000364;0.000404;0.000717;0.000645;0.000373;0.000821;0.0006492;0.001473;0.0012759;0.00131;0.001315;0.000648;0.00293;0.00998;0.00221927134031407;0.00217324589943028;0.00209294016970683;0.00202537945585089;0.001036;0.00675;0.000307;0.000499;0.004151;0.002157;0.002753;0.001058;0.001208;0.001141;0.000401;0.000883;0.00151;0.00189
0.00134;0.00861;0.000425;0.0007;0.000476;0.000789;0.00077;0.001136;0.001136;0.00102;0.00092;0.000534;0.000479;0.000913;0.000814;0.0005;0.00129;0.0004;0.00094;0.0005376;0.0011029;0.0003685;0.0007579;0.000539028;0.0010691129;0.0003823406;0.0007844502;0.00251;0.00392;0.00225;0.0021049;0.00208;0.002285;0.00225;0.00104;0.00118;0.00183;0.001625;0.000533;0.000916;0.000388;0.000431;0.000763;0.000687;0.000397;0.000839;0.0006877;0.001532;0.0012993;0.00133;0.001332;0.000687;0.00307;0.01014;0.00230462685399124;0.00223992213982961;0.00217448349914206;0.00210467561031171;0.001102;0.00687;0.00035;0.000562;0.004349;0.002226;0.002927;0.001083;0.001297;0.001173;0.000427;0.000902;0.0016;0.00196
0.00141;0.00872;0.000436;0.000701;0.000488;0.00079;0.000822;0.001213;0.001213;0.001095;0.00098;0.000555;0.000499;0.000945;0.000843;0.00054;0.00135;0.00042;0.00099;0.0005755;0.0011428;0.0003831;0.0007941;0.0005716513;0.0010931419;0.0004003492;0.0007910742;0.0026;0.00412;0.00232;0.00216;0.00213;0.00236;0.00232;0.00108;0.00124;0.00191;0.00171;0.000569;0.000978;0.000414;0.00046;0.000815;0.000734;0.000422;0.000848;0.0007287;0.001603;0.0013396;0.001359;0.00136;0.000727;0.00324;0.01032;0.00240039185881448;0.00234259073513167;0.00226743804324214;0.00219512538399599;0.001175;0.00699;0.000394;0.000631;0.004568;0.002333;0.003118;0.001111;0.001398;0.001208;0.000454;0.000912;0.0017;0.00204
0.0015;0.00883;0.000449;0.000702;0.0005;0.000791;0.000879;0.001297;0.001297;0.001179;0.00105;0.000578;0.000521;0.00098;0.000876;0.00057;0.00142;0.00045;0.00103;0.0006176;0.0011748;0.0004103;0.0008395;0.0006093606;0.0011263791;0.000421797;0.000806779;0.00271;0.00435;0.0024;0.0022199;0.00219;0.0024549;0.0024;0.00113;0.00131;0.002;0.001831;0.000608;0.001046;0.000443;0.000492;0.000872;0.000785;0.000449;0.000849;0.0007726;0.001689;0.0013983;0.001397;0.001396;0.000771;0.00342;0.01052;0.00249172022985987;0.0024374739231631;0.00237276047856668;0.0022977637090794;0.001255;0.00714;0.000435;0.000702;0.00481;0.002489;0.00333;0.001141;0.001513;0.001297;0.000482;0.000913;0.00181;0.00214
0.00162;0.00895;0.000463;0.000704;0.000515;0.000792;0.000942;0.001391;0.001391;0.001273;0.00112;0.000605;0.000545;0.001023;0.000917;0.00062;0.00149;0.00047;0.00109;0.0006637;0.0012103;0.0004548;0.0008802;0.00065248;0.0011698651;0.0004469061;0.0008312581;0.00285;0.00459;0.00251;0.002285;0.00225;0.002575;0.00251;0.00118;0.00141;0.00211;0.001962;0.000651;0.001122;0.000476;0.000529;0.000955;0.00086;0.000478;0.000851;0.0008193;0.00179;0.0014769;0.001445;0.001444;0.000817;0.00363;0.01073;0.00261587311445506;0.00256781318004248;0.00249051222278577;0.00241246737670113;0.001344;0.00729;0.000475;0.000773;0.005077;0.002662;0.003562;0.001173;0.001643;0.001398;0.000514;0.000915;0.00194;0.00225
0.00176;0.00909;0.000481;0.000719;0.000534;0.000794;0.00101;0.001494;0.001494;0.001378;0.0012;0.000636;0.000574;0.001077;0.000968;0.00066;0.00157;0.00051;0.00115;0.0007043;0.0012596;0.0004992;0.0009202;0.0007012212;0.0012239656;0.000476017;0.0008650765;0.00302;0.00486;0.00264;0.00236;0.00232;0.0027199;0.00264;0.00124;0.00153;0.00224;0.00214;0.000698;0.001204;0.000502;0.000558;0.001008;0.000907;0.000512;0.000862;0.0008693;0.001911;0.001577;0.001505;0.001501;0.000867;0.00386;0.01097;0.00275172076425297;0.00268553480332975;0.00262212803911324;0.00254103459026316;0.001443;0.00747;0.000514;0.000841;0.005372;0.002876;0.003819;0.001208;0.001792;0.001513;0.00055;0.000927;0.00209;0.00239
0.00191;0.00923;0.000504;0.000749;0.000558;0.000823;0.001085;0.001607;0.001607;0.001495;0.0013;0.000673;0.000607;0.001146;0.001032;0.00071;0.00166;0.00054;0.00121;0.0007494;0.0013443;0.0005337;0.0009512;0.000755949;0.001289608;0.0005094283;0.0009090822;0.00321;0.00515;0.0028;0.0024549;0.0024;0.0029049;0.0028;0.00131;0.00168;0.0024;0.002336;0.00075;0.001295;0.000536;0.000595;0.001073;0.000966;0.000551;0.000891;0.0009216;0.002052;0.0017;0.001575;0.001571;0.000919;0.00411;0.01124;0.00289943501986145;0.00285024740592392;0.00277017199279655;0.00268662780960257;0.001551;0.00766;0.000554;0.000904;0.005697;0.003118;0.004101;0.001297;0.001948;0.001643;0.000593;0.000958;0.00228;0.00256
0.00209;0.00941;0.000532;0.000796;0.00059;0.000872;0.001167;0.001733;0.001733;0.001624;0.0014;0.000717;0.000646;0.001232;0.001114;0.00076;0.00176;0.00058;0.00128;0.0007991;0.0014038;0.0005578;0.0009876;0.0008170885;0.0013672425;0.0005474464;0.0009629697;0.00345;0.00546;0.00301;0.002575;0.00251;0.0031297;0.00301;0.00141;0.00188;0.00258;0.002579;0.000807;0.001397;0.000573;0.000637;0.001154;0.001039;0.000598;0.000939;0.0009756;0.002217;0.0018474;0.001659;0.001654;0.000973;0.00438;0.01152;0.00308082477265043;0.0030055923371229;0.00293627024326738;0.00285113323305989;0.00167;0.00786;0.000598;0.000964;0.006056;0.003417;0.004412;0.001398;0.002125;0.001792;0.000643;0.00101;0.00249;0.00277
0.00228;0.00959;0.000567;0.000864;0.00063;0.000945;0.001256;0.001872;0.001872;0.001767;0.00151;0.000769;0.000691;0.001341;0.001216;0.00082;0.00186;0.00062;0.00136;0.000863;0.001458;0.0005769;0.0010291;0.0008850899;0.0014575733;0.0005902525;0.0010267543;0.00372;0.00581;0.00325;0.0027199;0.00264;0.0033898;0.00325;0.00153;0.0021;0.00279;0.002859;0.000869;0.001509;0.000617;0.000686;0.001253;0.001128;0.000652;0.000999;0.0010304;0.002407;0.0020209;0.001757;0.00175;0.001028;0.00467;0.01184;0.00327468198925621;0.00320239786895473;0.00312094613162491;0.00303467600946936;0.001803;0.00809;0.000648;0.001021;0.006453;0.003761;0.004755;0.001513;0.002327;0.001948;0.000701;0.001075;0.00273;0.00302
0.00248;0.00979;0.000609;0.000953;0.000677;0.001043;0.001355;0.002025;0.002025;0.001925;0.00163;0.000827;0.000742;0.001476;0.001341;0.00088;0.00198;0.00066;0.00144;0.0009412;0.0015362;0.0005968;0.0010883;0.0009604207;0.0015612104;0.000638368;0.0011018664;0.00402;0.00618;0.00353;0.0029049;0.0028;0.0036848;0.00353;0.00168;0.00236;0.00302;0.003168;0.000938;0.001633;0.000665;0.000739;0.001375;0.001238;0.000709;0.001072;0.001085;0.002624;0.0022218;0.001869;0.001862;0.001082;0.00498;0.01218;0.00348126173557553;0.00341890588855579;0.00332208552260883;0.00323505055325523;0.001949;0.00834;0.000706;0.001079;0.006891;0.004134;0.005133;0.001643;0.002556;0.002125;0.000763;0.001153;0.003;0.0033
0.00271;0.01001;0.000658;0.001065;0.000732;0.001168;0.001464;0.00222;0.00222;0.002099;0.00179;0.000894;0.000801;0.001641;0.001492;0.00095;0.00211;0.00071;0.00153;0.001041;0.001643;0.0006254;0.0011563;0.0010437384;0.0016790018;0.0006923977;0.0011874035;0.00437;0.00659;0.00384;0.0031297;0.00301;0.0040048;0.00384;0.00188;0.00265;0.00329;0.003515;0.001013;0.001789;0.000716;0.000796;0.001522;0.00137;0.000768;0.001156;0.0011389;0.002871;0.0024517;0.001998;0.00199;0.001136;0.00531;0.01257;0.00372953500061788;0.00363105707194495;0.00354167149202642;0.00345320736479184;0.002123;0.00862;0.000774;0.001142;0.007374;0.004566;0.005549;0.001792;0.002818;0.002327;0.000826;0.001243;0.0033;0.0036
0.00293;0.01025;0.000715;0.001201;0.000796;0.001322;0.001583;0.002481;0.002481;0.00229;0.002;0.000967;0.000867;0.001842;0.001673;0.00103;0.00225;0.00077;0.00164;0.0011431;0.0017815;0.0006793;0.0012443;0.001135621;0.0018117265;0.000752534;0.0012847691;0.00475;0.00703;0.00417;0.0033898;0.00325;0.0043496;0.00417;0.0021;0.00295;0.00356;0.00391;0.001094;0.002;0.000775;0.000861;0.001697;0.001527;0.000825;0.001252;0.0011911;0.00315;0.0027121;0.002145;0.002135;0.001188;0.00566;0.013;0.00398629977174185;0.00389129149098654;0.00378488947996815;0.00369315292851628;0.002351;0.00893;0.000852;0.001215;0.007907;0.00505;0.006007;0.001948;0.003095;0.002556;0.000888;0.001346;0.00362;0.00393
0.00318;0.01052;0.000781;0.001362;0.000868;0.001505;0.001715;0.002804;0.002804;0.002499;0.00226;0.001048;0.000942;0.002079;0.001886;0.00111;0.0024;0.00083;0.00175;0.0012474;0.001898;0.000746;0.0013505;0.0012368706;0.0019604799;0.0008194489;0.0013940274;0.00518;0.00751;0.00453;0.0036848;0.00353;0.0047245;0.00453;0.00236;0.00328;0.00387;0.004333;0.001186;0.00226;0.000842;0.000935;0.001905;0.001715;0.000877;0.001352;0.0012416;0.003464;0.0030045;0.00231;0.002299;0.001238;0.00604;0.01348;0.00426759226154898;0.00415383282401047;0.00405411329759491;0.0039565768598067;0.002643;0.00926;0.000937;0.001299;0.008496;0.005565;0.006512;0.002125;0.00341;0.002818;0.000943;0.001454;0.00397;0.00428
0.00346;0.01083;0.000855;0.001547;0.00095;0.001715;0.001859;0.003187;0.003187;0.002727;0.00257;0.001139;0.001026;0.002352;0.002129;0.0012;0.00256;0.00089;0.00187;0.0013457;0.0020322;0.0008159;0.0014798;0.0013483463;0.0021263296;0.0008936073;0.0015160257;0.00564;0.00804;0.00492;0.0040048;0.00384;0.0051345;0.00492;0.00265;0.00364;0.00419;0.004795;0.001286;0.002569;0.000919;0.001021;0.002147;0.001932;0.000923;0.001458;0.0012937;0.003813;0.0033305;0.002497;0.002485;0.00129;0.00644;0.01399;0.00457254879511319;0.00446272161646358;0.00434818074363026;0.00424299821448732;0.002996;0.00963;0.001029;0.001397;0.009145;0.006124;0.007068;0.002327;0.003769;0.003095;0.000992;0.001568;0.00435;0.00465
0.00376;0.01116;0.000939;0.001752;0.001043;0.001948;0.002019;0.003625;0.003625;0.002975;0.00292;0.001242;0.001122;0.002657;0.002399;0.0013;0.00275;0.00096;0.002;0.001455;0.0021748;0.0008868;0.0016034;0.0014708876;0.0023107433;0.0009759214;0.0016514189;0.00615;0.00861;0.00535;0.0043496;0.00417;0.0055894;0.00535;0.00295;0.00403;0.00455;0.005304;0.001397;0.002922;0.00101;0.001122;0.002426;0.002183;0.000973;0.001578;0.0013517;0.004202;0.0036914;0.002711;0.002698;0.001348;0.00688;0.01457;0.00490706002146044;0.00477829213041392;0.00467140493186281;0.0045576045657546;0.003406;0.01003;0.001124;0.001508;0.009862;0.006734;0.007681;0.002556;0.00418;0.00341;0.001046;0.001697;0.00476;0.00506
0.00412;0.01156;0.001035;0.001974;0.001148;0.002198;0.002196;0.004116;0.004116;0.003244;0.00332;0.001362;0.001231;0.002988;0.002693;0.0014;0.00295;0.00104;0.00215;0.0015758;0.0023466;0.0009663;0.0017246;0.0016056642;0.0025148862;0.0010669983;0.0018018142;0.0067;0.00923;0.00583;0.0047245;0.00453;0.0060941;0.00583;0.00328;0.00446;0.00492;0.005881;0.001519;0.003318;0.001117;0.001241;0.002745;0.002471;0.001033;0.001722;0.0014197;0.004631;0.0040889;0.002955;0.002941;0.001416;0.00735;0.0152;0.00526375296175203;0.00512749797464221;0.00501643470318736;0.00489440817509399;0.003871;0.01048;0.001223;0.001616;0.010653;0.007443;0.008355;0.002818;0.004635;0.003769;0.001111;0.001852;0.00521;0.00551
0.00455;0.012;0.001141;0.002211;0.001267;0.002463;0.002391;0.004657;0.004657;0.003535;0.00375;0.0015;0.001356;0.003343;0.003009;0.00152;0.00317;0.00112;0.00231;0.0017322;0.0025429;0.0010661;0.0018463;0.0017536568;0.0027404001;0.0011674964;0.0019683286;0.00731;0.00991;0.00636;0.0051345;0.00492;0.0066541;0.00636;0.00364;0.00494;0.00532;0.006459;0.001654;0.003754;0.001237;0.001374;0.0031;0.00279;0.001112;0.001899;0.001502;0.005103;0.0045245;0.003233;0.003219;0.001492;0.00786;0.0159;0.00562887577115678;0.0054858191352857;0.00537121451516699;0.00524214142606007;0.004387;0.01097;0.001326;0.001734;0.011525;0.008146;0.009098;0.003095;0.005103;0.00418;0.001196;0.002042;0.00573;0.006
0.00502;0.01251;0.001261;0.00246;0.0014;0.00274;0.002606;0.005246;0.005246;0.003849;0.00423;0.001658;0.001499;0.003718;0.003343;0.00164;0.00341;0.00121;0.00249;0.0019093;0.0027966;0.001167;0.0020009;0.0019163234;0.0029891469;0.0012785896;0.0021525217;0.00798;0.01064;0.00695;0.0055894;0.00535;0.0072739;0.00695;0.00403;0.00547;0.00574;0.007123;0.001802;0.004228;0.001366;0.001518;0.003487;0.003138;0.001206;0.002102;0.0016022;0.00562;0.0049996;0.003548;0.003534;0.00157;0.00841;0.01667;0.00599699696729829;0.00584809344230449;0.00573077468343735;0.00559656371504135;0.004952;0.01151;0.001434;0.00186;0.012488;0.008951;0.009916;0.00341;0.005616;0.004635;0.001297;0.00226;0.00633;0.00655
0.00554;0.01311;0.001393;0.002721;0.001548;0.003028;0.002845;0.00588;0.00588;0.004187;0.00474;0.001837;0.001657;0.00411;0.003694;0.00178;0.00367;0.00131;0.00268;0.0021023;0.0030327;0.0012926;0.0021789;0.0020948383;0.0032632387;0.0014010057;0.0023562893;0.00872;0.01145;0.0076;0.0060941;0.00583;0.0079586;0.0076;0.00446;0.00606;0.00621;0.007835;0.001967;0.00474;0.001505;0.001672;0.003903;0.003513;0.00131;0.002326;0.0017249;0.006185;0.0055157;0.003906;0.003871;0.001653;0.00902;0.01752;0.00637833522249769;0.00624130385483593;0.00610472598905462;0.0059667030630395;0.005563;0.0121;0.00155;0.001995;0.01355;0.009811;0.010817;0.003769;0.006196;0.005103;0.001408;0.002501;0.007;0.00716
0.0061;0.01378;0.001538;0.002994;0.00171;0.00333;0.003109;0.006557;0.006557;0.00455;0.00529;0.002033;0.00183;0.004518;0.004057;0.00193;0.00396;0.00142;0.0029;0.0022899;0.0033904;0.0014107;0.0023873;0.0022907592;0.0035646488;0.0015362853;0.0025803187;0.00952;0.01232;0.00832;0.0066541;0.00636;0.0087133;0.00832;0.00494;0.00671;0.00671;0.008625;0.002151;0.005285;0.001647;0.00183;0.004343;0.003909;0.001428;0.002579;0.0018738;0.006802;0.0060938;0.004309;0.004218;0.001742;0.00969;0.01845;0.00678143839133371;0.00663321175124937;0.00650105206556419;0.00635947983717044;0.006219;0.01275;0.001676;0.002138;0.014722;0.010763;0.011809;0.00418;0.006853;0.005616;0.001536;0.002773;0.00774;0.00784
0.00663;0.01454;0.001695;0.003279;0.001888;0.003647;0.003361;0.007277;0.007277;0.004943;0.00588;0.002246;0.002016;0.004938;0.004431;0.00209;0.00427;0.00155;0.00313;0.002486;0.0037727;0.0015282;0.0026229;0.0025058503;0.0038958811;0.0016854259;0.0028275297;0.0104;0.01327;0.00911;0.0072739;0.00695;0.009533;0.00911;0.00547;0.00742;0.0073;0.009483;0.002324;0.005867;0.001793;0.001992;0.004804;0.004324;0.001568;0.002872;0.0020531;0.007472;0.0067056;0.004761;0.004578;0.001839;0.01043;0.01947;0.00722801464241012;0.00706425507712731;0.00694009816884559;0.0067941818100163;0.006917;0.01347;0.001852;0.002449;0.016014;0.011803;0.012901;0.004635;0.007543;0.006196;0.001686;0.003088;0.00852;0.0086
0.00717;0.01539;0.001864;0.003576;0.002079;0.00398;0.003642;0.008038;0.008038;0.005378;0.00646;0.002474;0.002215;0.00537;0.004812;0.00228;0.00462;0.00169;0.00339;0.0026688;0.0042051;0.0016306;0.0029034;0.0027417309;0.004259815;0.0018494979;0.0030996543;0.01137;0.0143;0.00996;0.0079586;0.0076;0.0104227;0.00996;0.00606;0.00819;0.00796;0.010428;0.00252;0.00648;0.001949;0.002165;0.005283;0.004755;0.001734;0.003213;0.0022649;0.00821;0.0073822;0.005266;0.004958;0.001945;0.01125;0.02061;0.00773796462896302;0.00757036280765553;0.00744058483647359;0.00728931367394547;0.007658;0.01427;0.002018;0.002667;0.017439;0.012948;0.014201;0.005103;0.008278;0.006853;0.001864;0.003455;0.00929;0.00944
0.00773;0.01633;0.002047;0.003884;0.002286;0.004331;0.003957;0.00884;0.00884;0.005868;0.00709;0.002716;0.002426;0.005811;0.005198;0.00248;0.00499;0.00185;0.00367;0.0028667;0.0046575;0.0017601;0.0032172;0.0030007045;0.0046592219;0.0020305345;0.0033995824;0.01244;0.01543;0.01089;0.0087133;0.00832;0.0113922;0.01089;0.00671;0.00903;0.00871;0.01146;0.002738;0.007127;0.00212;0.002355;0.005778;0.0052;0.001907;0.003584;0.0025056;0.009022;0.0081304;0.005827;0.005363;0.002063;0.01216;0.02186;0.00832615974206454;0.00815608115827399;0.00801646162319964;0.00785832673140837;0.008439;0.01512;0.002207;0.002916;0.01901;0.014195;0.015425;0.005616;0.009033;0.007543;0.002051;0.003854;0.01005;0.01037
0.00837;0.0174;0.002244;0.004203;0.002507;0.004698;0.00431;0.009682;0.009682;0.006428;0.00774;0.002971;0.00265;0.00626;0.005591;0.0027;0.00541;0.00203;0.00398;0.0030948;0.0050194;0.0019246;0.0035536;0.0032849944;0.005097523;0.0022300398;0.003729461;0.01361;0.01665;0.0119;0.009533;0.00911;0.0124467;0.0119;0.00742;0.00994;0.00956;0.01259;0.002982;0.007806;0.002315;0.002572;0.006289;0.00566;0.002084;0.003979;0.0027701;0.009915;0.0089576;0.006447;0.005798;0.002194;0.01319;0.02325;0.00898513762007805;0.00881338251920207;0.00866078287538695;0.00849451736202246;0.009261;0.01607;0.002424;0.003196;0.020743;0.015557;0.016881;0.006196;0.009875;0.008278;0.002241;0.004278;0.01082;0.01141
0.00911;0.01857;0.002457;0.004534;0.002746;0.005077;0.004705;0.010565;0.010565;0.007073;0.00842;0.003242;0.002891;0.006718;0.005994;0.00294;0.00586;0.00223;0.00431;0.0033761;0.0055152;0.0021113;0.003907;0.0035968481;0.0055782956;0.0024493874;0.0040923344;0.01488;0.01798;0.013;0.0104227;0.00996;0.013601;0.013;0.00819;0.01093;0.01047;0.013808;0.003256;0.008519;0.002541;0.002823;0.006812;0.006131;0.002294;0.004425;0.0030534;0.010896;0.0098719;0.007129;0.006271;0.00234;0.01438;0.02477;0.00970066528461563;0.00952843441125545;0.00936093454086611;0.00918592176241294;0.010124;0.01712;0.002717;0.003624;0.022652;0.017024;0.018483;0.006853;0.010814;0.009033;0.002466;0.004758;0.01161;0.01255
0.01;0.01989;0.002689;0.004876;0.003003;0.005465;0.005146;0.011491;0.011491;0.007818;0.00912;0.003528;0.003151;0.007184;0.006409;0.00321;0.00635;0.00245;0.00468;0.0036901;0.0059796;0.0023298;0.0042981;0.0039388176;0.0061056374;0.0026910448;0.0044915374;0.01624;0.01943;0.01421;0.0113922;0.01089;0.0148703;0.01421;0.00903;0.01202;0.01146;0.015105;0.003574;0.009262;0.002803;0.003114;0.007353;0.006618;0.002563;0.004949;0.0033504;0.011976;0.0108822;0.007876;0.006785;0.002501;0.01576;0.02643;0.0104567366098136;0.0102834339792117;0.0101015596475434;0.0099176040685826;0.011028;0.01826;0.00309;0.0042;0.024756;0.018633;0.020246;0.007543;0.011863;0.009875;0.002755;0.005322;0.01249;0.01381
0.01101;0.02134;0.002942;0.005228;0.00328;0.005861;0.00564;0.01246;0.01246;0.008678;0.00985;0.003832;0.003432;0.007658;0.006839;0.00351;0.0069;0.00271;0.00509;0.0040317;0.0065447;0.002564;0.0047163;0.0043144355;0.0066842113;0.0029569607;0.0049303584;0.0177;0.021;0.01554;0.0124467;0.0119;0.0162642;0.01554;0.00994;0.01322;0.01249;0.016492;0.003948;0.010039;0.003103;0.003448;0.007932;0.007139;0.002919;0.005581;0.003656;0.013163;0.0119982;0.008688;0.007347;0.002681;0.01738;0.02829;0.0112510944942089;0.0110734709235943;0.0108794864434422;0.0106861772014128;0.011976;0.01953;0.003478;0.004693;0.027075;0.020358;0.022184;0.008278;0.012952;0.010814;0.003139;0.006001;0.01352;0.0152
0.01215;0.02294;0.003218;0.005593;0.003578;0.006265;0.006193;0.013476;0.013476;0.009666;0.01061;0.004155;0.003739;0.008146;0.00729;0.00384;0.00749;0.00299;0.00554;0.0044048;0.0070133;0.0028004;0.0051323;0.0047266324;0.0073184713;0.0032498052;0.0054136483;0.01924;0.02271;0.017;0.013601;0.013;0.0177882;0.017;0.01093;0.01454;0.01359;0.017948;0.004388;0.010889;0.003443;0.003825;0.008577;0.007719;0.003359;0.0063;0.0039654;0.014468;0.0132307;0.00957;0.007962;0.00288;0.01933;0.03032;0.01207849590851;0.0118918805962337;0.01168949720298;0.0114865136228031;0.012968;0.02091;0.003923;0.005273;0.029629;0.022173;0.024316;0.009033;0.014162;0.011863;0.003612;0.006774;0.01473;0.01673
0.01331;0.02472;0.003523;0.005988;0.003907;0.006694;0.006812;0.014542;0.014542;0.010782;0.01141;0.004515;0.004081;0.008671;0.007782;0.0042;0.00814;0.0033;0.00603;0.004809;0.0077397;0.0030334;0.0055507;0.0051783979;0.008013604;0.0035721857;0.0059450334;0.02087;0.02457;0.01859;0.0148703;0.01421;0.0194568;0.01859;0.01202;0.01598;0.01477;0.019485;0.004901;0.011924;0.003821;0.004246;0.009315;0.008384;0.003863;0.00709;0.0042734;0.015902;0.0145914;0.010524;0.008636;0.003101;0.02168;0.03255;0.0129493939018519;0.0127504953155968;0.0125422594764347;0.0123291709704889;0.014009;0.02244;0.004441;0.005945;0.032442;0.024089;0.026661;0.009875;0.015509;0.012952;0.004154;0.007623;0.01611;0.01839
0.01487;0.02669;0.003863;0.006428;0.004277;0.00717;0.007504;0.015662;0.015662;0.012027;0.01225;0.004927;0.004467;0.009266;0.008338;0.00459;0.00886;0.00365;0.00656;0.0052625;0.0084372;0.0033009;0.0060008;0.0056748589;0.0087755365;0.0039266999;0.0065296007;0.02262;0.02659;0.02034;0.0162642;0.01554;0.0212802;0.02034;0.01322;0.01756;0.01608;0.021122;0.005489;0.013119;0.004241;0.004712;0.010175;0.009158;0.004439;0.007976;0.0045752;0.017478;0.0160928;0.011552;0.009374;0.003345;0.02422;0.03501;0.0138866964890745;0.0136738868521984;0.0134612461300619;0.0132381641777543;0.015102;0.02411;0.005055;0.006747;0.035538;0.026128;0.029238;0.010814;0.01701;0.014162;0.004773;0.008576;0.01761;0.0202
0.01649;0.02888;0.004242;0.006933;0.004699;0.007714;0.008278;0.016869;0.016919;0.013401;0.01313;0.005411;0.004908;0.009961;0.008983;0.00501;0.00964;0.00403;0.00715;0.0057335;0.009212;0.0035957;0.0065038;0.0062190159;0.0096104779;0.0043169759;0.0071722161;0.02451;0.02878;0.02224;0.0177882;0.017;0.0232634;0.02224;0.01454;0.01926;0.01754;0.022878;0.006156;0.01444;0.004703;0.005225;0.011182;0.010064;0.005093;0.008986;0.0048654;0.019209;0.017749;0.012657;0.010183;0.003591;0.0264;0.03772;0.0149035761392522;0.0146782573081653;0.0144596402449708;0.014225895175633;0.016219;0.02594;0.005814;0.007676;0.038947;0.028402;0.032071;0.011863;0.018685;0.015509;0.005476;0.009663;0.01917;0.02217
0.01831;0.03129;0.004668;0.00752;0.005181;0.008348;0.009144;0.018199;0.018348;0.014901;0.01407;0.005983;0.005413;0.010787;0.00974;0.00548;0.01049;0.00445;0.0078;0.0062466;0.0098629;0.0039135;0.0070974;0.0068166499;0.0105256892;0.0047468718;0.0078788852;0.0266;0.03118;0.02431;0.0194568;0.01859;0.025426;0.02431;0.01598;0.0211;0.01919;0.024811;0.006898;0.015863;0.00521;0.005789;0.01237;0.011133;0.005832;0.010147;0.0051379;0.021112;0.019575;0.013842;0.011067;0.003842;0.0283;0.04071;0.0159972683871121;0.0157629326074527;0.0155342381909046;0.0152876677629116;0.017634;0.02796;0.006657;0.008757;0.042697;0.030908;0.035183;0.012952;0.020517;0.01701;0.006271;0.010911;0.02082;0.02428
0.02034;0.03394;0.005144;0.008207;0.005732;0.009093;0.010112;0.019666;0.019986;0.016526;0.01508;0.006656;0.00599;0.011769;0.01063;0.00599;0.01143;0.00491;0.00851;0.0067445;0.01069;0.0042898;0.0078021;0.0074716172;0.0115288397;0.0052206496;0.0086563625;0.02886;0.03376;0.02657;0.0212802;0.02034;0.0277884;0.02657;0.01756;0.02309;0.02106;0.026912;0.007712;0.017413;0.005769;0.00641;0.013768;0.012391;0.006677;0.011471;0.0055084;0.023201;0.0215872;0.015108;0.011958;0.004126;0.02959;0.04339;0.0171760123964279;0.0169380442672047;0.0166932085921434;0.0164309126940436;0.191167;0.03017;0.007648;0.010012;0.046822;0.03364;0.038601;0.014162;0.022562;0.018685;0.007179;0.012335;0.02252;0.02656
0.0226;0.03687;0.005671;0.009008;0.006347;0.009968;0.011195;0.021283;0.021868;0.018286;0.01619;0.007416;0.006633;0.01292;0.011664;0.00654;0.01246;0.00541;0.00929;0.0072829;0.0116459;0.0047135;0.0086713;0.0081906672;0.0126271357;0.0057413071;0.0095115578;0.03131;0.03658;0.02904;0.0232634;0.02224;0.0303751;0.02904;0.01926;0.02525;0.02314;0.029162;0.008608;0.019185;0.006386;0.007095;0.015409;0.013868;0.007621;0.01294;0.00609;0.025495;0.0238032;0.01646;0.012818;0.004474;0.03113;0.04759;0.0184518985949104;0.018214527876143;0.0179490313196575;0.0176688690495252;0.020927;0.0326;0.008619;0.01128;0.051357;0.036577;0.042355;0.015509;0.024847;0.020517;0.008194;0.013914;0.02431;0.02904
0.02507;0.04013;0.00625;0.00994;0.007017;0.010993;0.012406;0.023066;0.024012;0.020192;0.01741;0.008241;0.007336;0.014248;0.012851;0.00714;0.01358;0.00593;0.01014;0.0078072;0.012549;0.0052346;0.0095833;0.0089797158;0.0138316328;0.0063149382;0.0104519497;0.034;0.03964;0.03175;0.025426;0.02431;0.0332207;0.03175;0.0211;0.02761;0.02542;0.03162;0.009563;0.02126;0.007064;0.007849;0.017324;0.015592;0.008636;0.014535;0.0068875;0.028013;0.0262423;0.018071;0.013697;0.004909;0.0329;0.05156;0.0198047823857942;0.0195694933000314;0.0192806972555144;0.0189811580320427;0.02294;0.03527;0.009706;0.012737;0.05634;0.039799;0.046475;0.01701;0.027232;0.022562;0.009286;0.015629;0.02622;0.03175
0.02777;0.04371;0.006878;0.011016;0.007734;0.012188;0.013759;0.02503;0.026412;0.022256;0.01877;0.009114;0.00809;0.015761;0.014199;0.00778;0.01481;0.00648;0.01107;0.0084053;0.0135129;0.0057864;0.0105349;0.0098449948;0.0151510872;0.0069471667;0.0114859391;0.037;0.04296;0.03474;0.0277884;0.02657;0.0363609;0.03474;0.02309;0.03021;0.02785;0.034364;0.010565;0.023643;0.007817;0.008686;0.019532;0.017579;0.009694;0.016239;0.0079057;0.030776;0.0289249;0.020031;0.01464;0.005448;0.03484;0.0559;0.0212761424966604;0.0210422875851355;0.020731349975281;0.0204128468364046;0.025212;0.03819;0.010954;0.014409;0.061814;0.043445;0.050995;0.018685;0.029634;0.024847;0.010423;0.017462;0.02828;0.03474
0.0307;0.04765;0.007555;0.012251;0.008491;0.013572;0.015272;0.027193;0.029045;0.024491;0.02029;0.010012;0.008888;0.017467;0.015717;0.0085;0.01616;0.0071;0.0121;0.0090414;0.0143795;0.006393;0.0114564;0.0107955489;0.0165960639;0.007643038;0.0126237559;0.04032;0.04656;0.03804;0.0303751;0.02904;0.0398247;0.03804;0.02525;0.03308;0.03044;0.037395;0.011621;0.026316;0.008681;0.009646;0.022004;0.019804;0.010764;0.018034;0.0091493;0.033807;0.0318731;0.022342;0.015691;0.006083;0.03697;0.06069;0.022948175763046;0.0227153731819253;0.0223860948118344;0.0220507377776049;0.027729;0.0414;0.012163;0.016075;0.067822;0.047491;0.055953;0.020517;0.032073;0.027232;0.011574;0.019391;0.03053;0.03804
0.0339;0.052;0.008287;0.013657;0.009288;0.01516;0.016963;0.029577;0.031867;0.026911;0.02199;0.010931;0.009731;0.019373;0.017414;0.00927;0.01763;0.00775;0.01323;0.0097934;0.0156326;0.0071061;0.0124987;0.0118386959;0.018178971;0.0084090081;0.0138734835;0.04401;0.05046;0.04168;0.0332207;0.03175;0.0436032;0.04168;0.02761;0.03624;0.03319;0.040733;0.012877;0.029188;0.009702;0.01078;0.024699;0.022229;0.011763;0.019859;0.0106232;0.037131;0.0351106;0.025002;0.016891;0.006795;0.0393;0.06595;0.024870131384635;0.0246370734917563;0.0242955787898482;0.0239467057974109;0.030456;0.04491;0.013445;0.017871;0.074415;0.051963;0.061387;0.022562;0.034743;0.029634;0.012648;0.021354;0.03301;0.04168
0.03741;0.05676;0.009102;0.015233;0.010163;0.016946;0.018853;0.032202;0.034836;0.029531;0.02389;0.011916;0.010653;0.021486;0.019296;0.01009;0.01925;0.00843;0.01446;0.0105983;0.0167943;0.0079214;0.0135974;0.0129839252;0.0199136179;0.0092516938;0.0152496783;0.04803;0.0547;0.04561;0.0363609;0.03474;0.0476512;0.04561;0.03021;0.03966;0.03617;0.04437;0.014461;0.032435;0.010922;0.012135;0.027574;0.024817;0.012709;0.021729;0.012332;0.040775;0.0386623;0.028012;0.018278;0.007572;0.0418;0.07171;0.0270272124459523;0.0267927595005764;0.0264434916003744;0.0260834716765051;0.033352;0.04876;0.01486;0.019802;0.081642;0.056855;0.067341;0.024847;0.037667;0.032073;0.013665;0.023364;0.03573;0.04561
0.04123;0.06199;0.010034;0.016979;0.011165;0.01892;0.020964;0.035092;0.037916;0.032367;0.026;0.013027;0.011697;0.02381;0.021371;0.011;0.02102;0.00919;0.01581;0.0115216;0.0183789;0.0088362;0.0150356;0.0142412286;0.0218137531;0.0101800969;0.0167635518;0.05233;0.0593;0.04979;0.0398247;0.03804;0.0519144;0.04979;0.03308;0.0433;0.03951;0.048239;0.016477;0.036106;0.012385;0.013761;0.030589;0.02753;0.01373;0.02373;0.0142806;0.044768;0.042555;0.031371;0.019886;0.008398;0.04443;0.07802;0.0293591200227865;0.0291218420433692;0.0287662557854356;0.0283956054637806;0.036376;0.05298;0.016742;0.022206;0.089561;0.062084;0.07386;0.027232;0.040871;0.034743;0.014763;0.025516;0.03866;0.04979
0.0454;0.06767;0.011117;0.018891;0.012339;0.021071;0.023321;0.038272;0.041101;0.035436;0.02834;0.014326;0.012905;0.026353;0.023647;0.01202;0.02295;0.01006;0.0173;0.0124819;0.0202899;0.0097454;0.0166761;0.0156207259;0.023894204;0.0112028796;0.0184300559;0.05686;0.06427;0.05415;0.0436032;0.04168;0.0563373;0.05415;0.03624;0.04709;0.0433;0.052275;0.019;0.040008;0.014128;0.015698;0.033727;0.030354;0.014953;0.025951;0.0164736;0.049141;0.0468165;0.035081;0.02175;0.009262;0.04714;0.08493;0.0318385208003146;0.0315984544165795;0.0312344388863548;0.030851937801438;0.039509;0.0576;0.018579;0.02457;0.09823;0.068386;0.080994;0.029634;0.044504;0.037667;0.016079;0.027905;0.04182;0.05415
0.04994;0.07373;0.012386;0.020967;0.013734;0.023388;0.025954;0.041771;0.04442;0.038756;0.03093;0.015872;0.014319;0.02912;0.026131;0.01312;0.02508;0.01102;0.01893;0.0136001;0.0226976;0.010748;0.0187002;0.0171349675;0.0261708214;0.0123321401;0.0202639879;0.06158;0.06966;0.05865;0.0476512;0.04561;0.0608855;0.05865;0.03966;0.051;0.04765;0.056458;0.021911;0.043827;0.01616;0.017955;0.037078;0.03337;0.016506;0.028481;0.018916;0.053928;0.0514762;0.03914;0.023889;0.010151;0.04988;0.09251;0.0345085987650933;0.0342676547797116;0.0338917483474174;0.0334959061118854;0.042761;0.06266;0.020665;0.027281;0.107713;0.075048;0.088795;0.032073;0.048504;0.040871;0.017748;0.030625;0.0453;0.05865
0.0549;0.08018;0.013871;0.023209;0.015391;0.025871;0.028892;0.04562;0.047987;0.042346;0.0338;0.017717;0.01598;0.032123;0.028835;0.0143;0.0274;0.01204;0.02072;0.0147735;0.0254119;0.0117749;0.0208752;0.0187982793;0.0286630797;0.0135736618;0.0222823196;0.06642;0.0755;0.06326;0.0519144;0.04979;0.0656105;0.06326;0.0433;0.05501;0.05264;0.060731;0.025112;0.047489;0.018481;0.020534;0.040756;0.03668;0.018344;0.031201;0.0216123;0.059164;0.0565645;0.043549;0.026286;0.011054;0.0526;0.10077;0.0373783509362424;0.0371396759102829;0.0367462456689923;0.0363346798250146;0.046204;0.06819;0.02297;0.030387;0.118075;0.082003;0.097319;0.034743;0.052913;0.044504;0.019724;0.033549;0.04915;0.06326
0.06024;0.08703;0.015592;0.025644;0.017326;0.028552;0.032171;0.049852;0.051822;0.046226;0.03698;0.019883;0.017909;0.035398;0.031794;0.01558;0.02994;0.01313;0.02268;0.0164225;0.0280659;0.0128002;0.0232898;0.0206242479;0.0313923232;0.0149418726;0.024504775;0.07153;0.08181;0.06812;0.0563373;0.05415;0.0706525;0.06812;0.04709;0.05923;0.05819;0.06521;0.028632;0.051221;0.021092;0.023435;0.044876;0.040388;0.020381;0.034051;0.0245675;0.06489;0.0621128;0.048308;0.028914;0.011961;0.05534;0.10987;0.0404622097104333;0.0402276327227026;0.0398117498895966;0.0393823617862804;0.049905;0.07424;0.025458;0.0339;0.129387;0.089417;0.106626;0.037667;0.057775;0.048504;0.021915;0.036614;0.05342;0.06812
0.06602;0.09437;0.017564;0.028304;0.019551;0.031477;0.035829;0.054501;0.055946;0.050417;0.04049;0.022383;0.020127;0.038986;0.035046;0.01699;0.03273;0.01433;0.02483;0.0182079;0.0298929;0.013845;0.0257844;0.0226288264;0.0343781881;0.0164517928;0.0269506554;0.07704;0.08864;0.07337;0.0608855;0.05865;0.0761643;0.07337;0.051;0.0638;0.06419;0.070004;0.032385;0.055293;0.023992;0.026658;0.049552;0.044597;0.022686;0.037211;0.0277862;0.071146;0.0681531;0.053416;0.031746;0.012878;0.05788;0.11972;0.0437689434510849;0.0435387540918276;0.0430969790416934;0.0426475659870537;0.053884;0.08085;0.028106;0.037834;0.141721;0.097453;0.116777;0.040871;0.063142;0.052913;0.024393;0.040012;0.05799;0.07337
0.0723;0.10231;0.019805;0.03122;0.022075;0.034686;0.039907;0.059609;0.060381;0.054941;0.04439;0.025228;0.022654;0.04293;0.038631;0.01856;0.03578;0.01566;0.02719;0.0203084;0.0326954;0.0151097;0.0286674;0.0248314142;0.0376456477;0.0181160009;0.029635836;0.08314;0.09602;0.07918;0.0656105;0.06326;0.0823059;0.07918;0.05501;0.06885;0.07053;0.075299;0.036408;0.060068;0.027185;0.030205;0.054876;0.049388;0.025325;0.040858;0.0312732;0.077976;0.0747177;0.058875;0.034759;0.013868;0.06004;0.13053;0.0473269772155357;0.0470978778013315;0.046629406658316;0.0461593529917886;0.058164;0.08806;0.030966;0.042169;0.155154;0.107087;0.127839;0.044504;0.068628;0.057775;0.027231;0.043933;0.06296;0.07918
0.07914;0.11106;0.022328;0.034425;0.02491;0.038225;0.044451;0.065216;0.06514;0.059821;0.04872;0.028433;0.025509;0.047272;0.042587;0.0203;0.03912;0.01714;0.02977;0.0223018;0.0358784;0.0166446;0.0317212;0.0272495388;0.0412216511;0.0199506903;0.0325971686;0.08998;0.10399;0.0857;0.0706525;0.06812;0.0892151;0.0857;0.05923;0.07452;0.07712;0.081234;0.040769;0.065924;0.030672;0.03408;0.060842;0.054758;0.028366;0.045171;0.0350334;0.085427;0.0818389;0.064683;0.037928;0.015004;0.06203;0.14226;0.0511792719583541;0.0509444858300078;0.0504499069409818;0.0499606557314442;0.062761;0.09593;0.034105;0.046906;0.169765;0.117963;0.13988;0.048504;0.074648;0.063142;0.030501;0.04857;0.06867;0.0857
0.08671;0.12083;0.025158;0.037948;0.028074;0.042132;0.049513;0.071368;0.070253;0.065081;0.0535;0.032017;0.028717;0.052054;0.046951;0.02221;0.04278;0.01876;0.03261;0.0247974;0.0398857;0.0186115;0.0348424;0.0299051555;0.0451314501;0.0219734791;0.0358570079;0.09771;0.11259;0.09306;0.0761643;0.07337;0.0969267;0.09306;0.0638;0.08092;0.0839;0.087909;0.045472;0.072595;0.034459;0.038288;0.06742;0.060678;0.031727;0.050211;0.0390713;0.093549;0.0895481;0.07084;0.041232;0.016352;0.06407;0.15502;0.0553656054080011;0.0551146037589858;0.0545963981639235;0.0540910802193919;0.067697;0.10452;0.037595;0.052123;0.185633;0.130283;0.152972;0.052913;0.081256;0.068628;0.034115;0.053991;0.07535;0.09306
0.09516;0.13173;0.028341;0.041812;0.031612;0.046427;0.055147;0.078113;0.075741;0.070747;0.05879;0.036029;0.032328;0.057325;0.051755;0.02431;0.04679;0.02055;0.03573;0.0276023;0.0429656;0.0210603;0.0382344;0.0328239872;0.0494118483;0.0242064957;0.0394446464;0.10625;0.12186;0.10119;0.0823059;0.07918;0.1053509;0.10119;0.06885;0.08799;0.09105;0.095268;0.050616;0.079692;0.038549;0.042832;0.074583;0.067125;0.035362;0.055861;0.0433919;0.102392;0.0978757;0.077348;0.044649;0.017972;0.06684;0.16893;0.0599098722480699;0.0596314691878675;0.0590912695092757;0.0585723324228299;0.072997;0.11386;0.041506;0.057927;0.202839;0.144029;0.167188;0.057775;0.088518;0.074648;0.038024;0.060066;0.08302;0.10119
0.10452;0.14447;0.031933;0.046037;0.03558;0.051128;0.061415;0.085503;0.081627;0.076847;0.0646;0.040525;0.036395;0.063132;0.057026;0.02674;0.05118;0.02264;0.03914;0.0309387;0.0479174;0.0240473;0.0417852;0.0360314673;0.0540943479;0.0266704878;0.0433961328;0.11548;0.13185;0.10998;0.0892151;0.0857;0.1143924;0.10998;0.07452;0.09564;0.09884;0.103168;0.056085;0.087431;0.042945;0.047717;0.0823;0.07407;0.039396;0.062027;0.0479999;0.112012;0.1068498;0.084205;0.048159;0.019917;1;0.18397;1;1;1;1;0.078684;0.12403;0.045879;0.064368;0.221464;0.159043;0.182604;0.063142;0.096218;0.081256;0.042361;0.066696;0.09208;0.10998
1;0.1586;0.035985;0.050643;0.04003;0.05625;0.068383;0.093593;0.087937;0.083411;0.0709;0.045561;0.040975;0.069523;0.062791;0.02962;0.05598;0.02516;0.04289;0.034852;0.0528419;0.0273368;0.0457989;0.0395550131;0.0592134814;0.0293906119;0.0477439739;0.12532;0.1426;0.11935;0.0969267;0.09306;0.1239481;0.11935;0.08092;0.10378;0.10748;0.111553;0.061853;0.095445;0.047655;0.05295;0.090538;0.081484;0.043952;0.068615;0.0529;0.122464;0.1164961;0.091412;0.051743;0.022237;1;0.20014;1;1;1;1;0.084782;0.13508;0.05078;0.072041;0.241589;0.176815;0.199296;0.068628;0.10431;0.088518;0.04726;0.07378;1;0.11935
1;0.1743;0.040552;0.055651;0.045017;0.061809;0.076121;0.102443;0.0947;0.090471;0.07767;0.051194;0.046121;0.076547;0.069081;0.03307;0.06125;0.02817;0.047;0.0394659;0.0586542;0.0307907;0.049948;0.0434281254;0.064808708;0.0323973578;0.0525348101;0.13563;0.15416;0.12917;0.1053509;0.10119;0.1339226;0.12917;0.08799;0.11232;0.11725;0.120277;0.067936;0.103691;0.052691;0.058546;0.099244;0.08932;0.049153;0.075532;0.058097;0.133806;0.1268364;0.098969;0.055383;0.024976;1;0.21788;1;1;1;1;0.091319;0.14708;0.056294;0.080486;0.2632;0.195857;0.217339;0.074648;0.112816;0.096218;0.052853;0.081217;1;0.12917
1;0.19156;0.04569;0.06108;0.0506;0.067826;0.084707;0.112113;0.101944;0.098061;0.08494;0.057483;0.051889;0.084229;0.075908;0.03711;0.06701;0.03176;0.0515;0.0444953;0.0638227;0.0342908;0.0544018;0.0476853125;0.0709234783;0.0357190201;0.0578148445;0.14635;0.16657;0.13938;0.1143924;0.10998;0.1442973;0.13938;0.09564;0.1212;0.12826;0.129281;0.074351;0.112303;0.058071;0.064523;0.108361;0.097525;0.054857;0.08251;0.0635957;0.146099;0.1378881;0.106876;0.059062;0.028152;1;0.23677;1;1;1;1;0.098322;0.16009;0.062506;0.089718;0.28664;0.216109;0.23681;0.081256;0.122079;0.10431;0.058986;0.088721;1;0.13938
1;0.21136;0.051456;0.066948;0.056865;0.074322;0.094224;0.122669;0.109694;0.106217;0.09287;0.064512;0.058336;0.092498;0.08323;0.04185;0.07332;0.03577;0.05645;0.0497225;0.0694993;0.0381713;0.0597001;0.0523680636;0.0776062615;0.0393893076;0.0636241407;0.15751;0.17988;0.15001;0.1239481;0.11935;0.1551241;0.15001;0.10378;0.13045;0.14025;0.138597;0.081501;0.121116;0.063807;0.070897;0.11783;0.106047;0.060979;0.089613;0.0694009;0.159402;0.1496631;0.115132;0.062764;0.031713;1;0.25721;1;1;1;1;0.105819;0.17417;0.069517;0.099779;0.311707;0.237657;0.257781;0.088518;0.132174;0.112816;0.065569;0.096358;1;0.15001
1;0.23555;0.057913;0.073275;0.063907;0.081326;0.10476;0.134178;0.117987;0.114977;0.10169;0.072368;0.065518;0.101261;0.090987;0.04749;0.08024;0.04042;0.06187;0.0559396;0.0773917;0.0428888;0.066509;0.0575149199;0.0849002274;0.0434512088;0.0700283914;0.1692;0.19413;0.16114;0.1339226;0.12917;0.1664679;0.16114;0.11232;0.14012;0.15295;0.148276;0.089179;0.130102;0.069918;0.077687;0.127595;0.114836;0.067738;0.09724;0.0755172;0.173775;0.1621666;0.123739;0.066473;0.03559;1;0.27978;1;1;1;1;0.113841;0.18939;0.077446;0.110757;0.338549;0.26062;0.280322;0.096218;0.143179;0.122079;0.072836;0.104559;1;0.16114
1;0.26568;0.065119;0.080076;0.071815;0.088863;0.116409;0.146709;0.126843;0.12438;0.11165;0.081137;0.073493;0.110424;0.099122;0.05413;0.08781;0.04582;0.06782;0.0627591;0.0847935;0.0490175;0.0744187;0.063181791;0.0928587468;0.0479447806;0.0770882108;0.18146;0.20937;0.17282;0.1442973;0.13938;0.1783921;0.17282;0.1212;0.15027;0.16609;0.158359;0.097468;0.139315;0.07657;0.085078;0.137967;0.12417;0.075347;0.105792;0.0819495;0.189278;0.1753967;0.132695;0.070175;0.03972;1;0.3025;1;1;1;1;0.122415;0.20581;0.086376;0.122797;0.367217;0.301064;0.304497;0.10431;0.155147;0.132174;0.081018;0.113755;1;0.17282
1;0.30302;0.073136;0.08737;0.080682;0.096958;0.12927;0.160333;0.136307;0.134466;0.12305;0.090907;0.082318;0.119894;0.107577;0.0617;0.09609;0.05219;0.07434;0.0699435;0.0943216;0.0560458;0.0839599;0.0694154581;0.101542411;0.0529195081;0.0848700717;0.19439;0.22563;0.18513;0.1551241;0.15001;0.1910205;0.18513;0.13045;0.16098;0.17955;0.168937;0.106452;0.148714;0.08387;0.093189;0.148744;0.13387;0.084023;0.115671;0.0887025;0.20597;0.1893429;0.142;0.073892;0.044041;1;0.32761;1;1;1;1;0.131575;0.22348;0.096337;0.136043;0.397746;0.345335;0.330364;0.112816;0.168208;0.143179;0.090348;0.124377;1;0.18513
1;0.34669;0.081991;0.095169;0.090557;0.105631;0.143445;0.175124;0.146397;0.145274;0.13612;0.101721;0.092017;0.129609;0.116316;0.0704;0.10517;0.05928;0.0815;0.0770216;0.101914;0.0632215;0.093439;0.0762773546;0.1110108185;0.0584343089;0.0934457259;0.20816;0.243;0.19825;0.1664679;0.16114;0.2045732;0.19825;0.14012;0.17239;0.19327;0.180129;0.116226;0.158486;0.091935;0.10215;0.160081;0.144073;0.09382;0.12698;0.095781;0.223906;0.2039858;0.151656;0.077791;0.048501;1;0.35383;1;1;1;1;0.141352;0.24248;0.107303;0.15059;0.43016;0.393903;0.357972;0.122079;0.182461;0.155147;0.100882;0.136537;1;0.19825
1;0.39586;0.091577;0.103455;0.101307;0.114858;0.15904;0.191151;0.157153;0.156841;0.15107;0.113454;0.102491;0.139643;0.125394;0.08096;0.11511;0.06734;0.08935;0.0854361;0.113095;0.0703395;0.10497;0.0838367079;0.1213272006;0.0645438741;0.1029082626;0.22308;0.26144;0.21246;0.1783921;0.17282;0.2193681;0.21246;0.15027;0.18475;0.20729;0.192208;0.126893;0.168709;0.101354;0.112616;0.172066;0.154859;0.104594;0.139452;0.1031898;0.243139;0.2192962;0.161661;0.08206;0.053047;1;0.38241;1;1;1;1;0.151775;0.26283;0.119154;0.16642;0.464464;0.447646;0.387359;0.132174;0.19803;0.168208;0.112467;0.149949;1;0.21246
1;0.45455;0.101758;0.112208;0.112759;0.124612;0.176161;0.208485;0.168604;0.169202;0.16804;0.125936;0.113605;0.150099;0.134887;0.0931;0.126;0.07651;0.09796;0.0952068;0.1207108;0.0776935;0.1143591;0.0921620481;0.1325679496;0.0713327682;0.1133571933;0.23955;0.28099;0.22814;0.1910205;0.18513;0.2358223;0.22814;0.16098;0.19838;0.22177;0.205495;0.138577;0.179452;0.11175;0.124167;0.184785;0.166307;0.116265;0.152931;0.1109336;0.263714;0.235235;0.172016;0.08688;0.057633;1;0.40988;1;1;1;1;0.162879;0.2846;0.131682;0.183408;0.500645;0.50773;0.418551;0.143179;0.215035;0.182461;0.125016;0.164442;1;0.22814
1;0.53247;0.112395;0.121402;0.124733;0.134861;0.194913;0.227192;0.180783;0.182389;0.18715;0.138997;0.125227;0.161082;0.144873;0.10647;0.13792;0.08727;0.10741;0.1055215;0.1284853;0.085828;0.1247292;0.1013332766;0.1448080296;0.0788765414;0.1248876218;0.25806;0.30173;0.24577;0.2045732;0.19825;0.2544375;0.24577;0.17239;0.21371;0.23698;0.220333;0.151192;0.190489;0.123076;0.136751;0.198016;0.178214;0.128751;0.16726;0.1190172;0.285674;0.2517531;0.182721;0.092417;0.062214;1;0.44335;1;1;1;1;0.174694;0.3078;0.144604;0.199769;0.538669;0.543067;0.451557;0.155147;0.232983;0.19803;0.138442;0.179849;1;0.24577
1;0.63426;0.123349;0.131017;0.137054;0.145575;0.215399;0.247332;0.193724;0.196431;0.20846;0.152469;0.137222;0.172699;0.155429;0.1211;0.15098;0.09906;0.11777;0.1176157;0.1389316;0.0942675;0.1325577;0.1114511145;0.1581182712;0.0872622022;0.1376241205;0.27923;0.32364;0.26593;0.2193681;0.21246;0.2758218;0.26593;0.18475;0.23124;0.25345;0.237268;0.165077;0.201681;0.13563;0.1507;0.211622;0.19046;0.141973;0.182281;0.1274454;0.309049;0.2687911;0.193775;0.098826;0.066805;1;0.47788;1;1;1;1;0.187254;0.33246;0.157618;0.216605;0.578479;0.583391;0.486372;0.168208;0.252545;0.215035;0.15266;0.196001;1;0.26593
1;0.73418;0.134486;0.14103;0.149552;0.156727;0.237714;0.26896;0.207446;0.211355;0.23189;0.166187;0.149462;0.185049;0.166629;0.13857;0.16528;0.11227;0.12913;0.1322245;0.1502272;0.1042955;0.1466181;0.122605117;0.1725814942;0.0965910721;0.1517046674;0.30376;0.34666;0.2893;0.2358223;0.22814;0.3006685;0.2893;0.19838;0.25147;0.27211;0.256875;0.180401;0.212986;0.149577;0.166197;0.225563;0.203007;0.155931;0.198392;0.1362228;0.333863;0.2862805;0.20518;0.106254;0.071626;1;0.50847;1;1;1;1;0.200585;0.35857;0.170433;0.233662;0.619994;0.630071;0.52297;0.182461;0.273878;0.232983;0.167668;0.213325;1;0.2893
1;0.85714;0.145689;0.151422;0.162079;0.16829;0.261943;0.292118;0.221962;0.227186;0.25715;0.180008;0.161834;0.198219;0.178537;0.15795;0.18093;0.128;0.1416;0.1462507;0.1624412;0.1150503;0.158572;0.1349130031;0.1882813864;0.1069792537;0.1672362831;0.33249;0.371;0.31666;0.2544375;0.24577;0.3306957;0.31666;0.21371;0.2749;0.2959;0.279802;0.197349;0.226535;0.165103;0.183448;0.242116;0.217904;0.170677;0.2157;0.1453544;0.360127;0.3041441;0.216934;0.114501;0.076932;1;0.55172;1;1;1;1;0.214704;0.38612;0.182799;0.250693;0.66311;0.684645;0.561307;0.19803;0.297152;0.252545;0.183524;0.231936;1;0.31666
1;1;0.156846;0.162179;0.174492;0.180245;0.288153;0.316834;0.237316;0.243947;0.28384;0.193795;0.174228;0.212291;0.191214;0.17998;0.19808;0.14641;0.15527;0.1626539;0.1756482;0.1264029;0.1737468;0.1485020565;0.205300071;0.1185797068;0.1844049862;0.3688;0.39621;0.35124;0.2758218;0.26593;0.3706446;0.35124;0.23124;0.30303;0.32996;0.30884;0.216129;0.241164;0.182419;0.202688;0.260096;0.234086;0.186213;0.233606;0.1548448;0.38784;0.3222977;0.229038;0.123276;0.082952;1;0.61538;1;1;1;1;0.229639;0.41506;0.194509;0.267491;0.707697;0.753865;0.601315;0.215035;0.322553;0.273878;0.200229;0.251189;1;0.35124
1;1;0.167841;0.173279;0.186647;0.192565;0.316391;0.343122;0.253487;0.261659;0.31157;0.207411;0.186535;0.227346;0.204721;0.20594;0.21686;0.16835;0.17027;0.1810076;0.1899291;0.1371851;0.1895589;0.1635039763;0.2237457027;0.1315729034;0.2033739768;0.42059;0.44719;0.40056;0.3006685;0.2893;0.4334881;0.40056;0.25147;0.34336;0.38455;0.35179;0.23697;0.256204;0.201757;0.224174;0.27604;0.248436;0.202538;0.25151;0.1646988;0.416986;0.3406507;0.241491;0.132579;0.089696;1;0.8;1;1;1;1;0.245402;0.44532;0.205379;0.283905;0.753601;0.757326;0.642906;0.232983;0.349505;0.297152;0.217783;0.270441;1;0.40056
1;1;0.178563;0.184706;0.198403;0.205229;0.346674;0.370973;0.271569;0.280342;0.34021;0.220718;0.198646;0.243467;0.21912;0.23015;0.23742;0.18672;0.18672;0.1999287;0.205371;0.147791;0.205371;0.1800885327;0.2436991431;0.146098501;0.2243683381;0.51284;0.54826;0.48842;0.3306957;0.31666;0.5492489;0.48842;0.2749;0.40979;0.4802;0.42848;0.258059;0.27248;0.222044;0.246715;0.293282;0.263954;0.219655;0.268815;0.1749211;0.447535;0.359109;0.254295;0.14241;0.097025;1;1;1;1;1;1;0.262528;0.47681;0.21524;0.299852;0.800647;0.798937;0.685967;0.252545;0.378865;0.322553;0.236188;0.289048;1;0.48842
1;1;0.189604;0.196946;0.210337;0.218683;0.378986;0.400352;0.293138;0.300015;0.36977;0.234236;0.211102;0.260903;0.234735;0.25194;0.25994;0.20477;0.20477;0.2191843;0.2220684;0.1592878;0.2220684;0.1984233589;0.2652549372;0.162408948;0.2475889855;0.70156;0.72467;0.66815;0.3706446;0.35124;0.7507962;0.66815;0.30303;0.52262;0.65798;0.56225;0.280237;0.290163;0.243899;0.270999;0.312003;0.280803;0.237713;0.285277;0.1855166;0.479438;0.3775759;0.267448;0.152769;0.104941;1;1;1;1;1;1;0.282354;0.50939;0.223947;0.315296;0.848638;0.886325;0.730365;0.273878;0.410875;0.349505;0.255605;0.30675;1;0.66815
1;1;0.201557;0.210484;0.223027;0.233371;0.413266;0.431199;0.318434;0.320696;0.40019;0.248485;0.224445;0.279903;0.251889;0.27912;0.2846;0.22457;0.22457;0.2407379;0.2401233;0.1717446;0.2401233;0.2187140517;0.2885437547;0.1807177584;0.2732773833;1;1;1;0.4334881;0.40056;1;1;0.34336;0.70855;1;0.75284;0.304679;0.309125;0.268185;0.297983;0.332393;0.299154;0.256712;0.301298;0.19649;0.51263;0.3959546;0.280951;0.163656;0.113444;1;1;1;1;1;1;0.305786;0.54289;0.231387;0.330207;0.897361;0.969804;0.775943;0.297152;0.445768;0.378865;0.276035;0.323976;1;1
1;1;0.215013;0.225806;0.237051;0.249741;0.4494;0.463415;0.347873;0.342402;0.43141;0.263985;0.239215;0.300716;0.270906;0.31072;0.31161;0.24628;0.24628;0.2596462;0.2596462;0.1817103;0.2596462;0.2411831912;0.3135964381;0.2013791948;0.3016858435;1;1;1;0.5492489;0.48842;1;1;0.40979;1;1;0.75284;0.33163;0.329825;0.295187;0.327986;0.35465;0.319185;0.276427;0.317238;0.2078461;0.547029;0.4141502;0.294803;0.17507;0.122532;1;1;1;1;1;1;0.333154;0.57711;0.237467;0.344556;0.946589;1;0.822527;0.322553;0.48383;0.410875;0.297233;0.341116;1;1
1;1;0.230565;0.243398;0.252985;0.268237;0.487216;0.49687;0.382434;0.36515;0.46331;0.281255;0.255953;0.323592;0.292111;0.34118;0.34118;0.2701;0.2701;0.2807563;0.2807563;0.1981795;0.2807563;0.2660654905;0.3405239004;0.2246879252;0.3331452048;1;1;1;0.7507962;0.66815;1;1;0.52262;1;1;0.75284;0.361361;0.352455;0.325225;0.361361;0.378984;0.341086;0.296629;0.333461;0.2195896;0.582533;0.4320717;0.309006;0.187013;0.132207;1;1;1;1;1;1;0.365154;0.61181;0.244834;0.358628;0.996083;1;0.869923;0.349505;0.524301;0.445768;0.318956;0.35856;1;1
1;1;0.248805;0.263745;0.271406;0.289305;0.526477;0.531389;0.42281;0.388956;0.49576;0.300815;0.275201;0.34878;0.315826;0.37357;0.37357;0.29622;0.29622;0.3035828;0.3035828;0.2190084;0.3035828;0.2936315215;0.3693667774;0.251041735;0.3678627306;1;1;1;1;1;1;1;0.70855;1;1;0.75284;0.394167;0.37722;0.358897;0.398774;0.405613;0.365052;0.317093;0.35033;0.2317253;0.619026;0.4496333;0.323558;0.199483;0.142468;1;1;1;1;1;1;0.402622;0.6467;0.254498;0.371685;1;1;0.917925;0.378865;0.568365;0.48383;0.34096;0.376699;1;1
1;1;0.270326;0.287334;0.292893;0.313391;0.566872;0.566757;0.52404;0.439806;0.56169;0.323185;0.2975;0.376529;0.342377;0.40904;0.40904;0.32488;0.32488;0.3282651;0.3282651;0.2420264;0.3282651;0.3241673555;0.4062675254;0.2809524744;0.4062675254;1;1;1;1;1;1;1;1;1;1;0.75284;0.430366;0.406205;0.395843;0.439825;0.43678;0.393102;0.338505;0.368542;0.244258;0.694427;0.4833716;0.33846;0.212481;0.153316;1;1;1;1;1;1;0.446479;0.68147;0.266044;0.38304;1;1;1;0.410875;0.616382;0.524301;0.364586;0.396884;1;1
1;1;0.295719;0.314649;0.318023;0.34094;0.608017;0.602714;0.591116;0.466881;0.59488;0.348885;0.32339;0.407088;0.372086;0.44788;0.44788;0.35632;0.35632;0.3549543;0.3549543;0.2674637;0.3549543;0.3579788802;0.4486313948;0.3150074012;0.4486313948;1;1;1;1;1;1;1;1;1;1;0.75284;0.471522;0.441497;0.43836;0.487067;0.474728;0.427255;0.361016;0.387855;0.2571923;0.733028;0.4994171;0.353712;0.226008;0.16475;1;1;1;1;1;1;0.497094;0.71578;0.279055;0.392003;1;1;1;0.445768;0.668696;0.568365;0.389996;0.418855;1;1
1;1;0.325576;0.346177;0.347373;0.372398;0.649459;0.638956;0.670358;0.495076;0.62802;0.378434;0.353414;0.440707;0.405278;0.49042;0.49042;0.3908;0.3908;0.3838133;0.3838133;0.2955744;0.3838133;0.3954921207;0.4951993429;0.3538938757;0.4951993429;1;1;1;1;1;1;1;1;1;1;0.75284;0.519196;0.485182;0.487816;0.542018;0.521701;0.469531;0.383597;0.407224;0.2705332;0.772005;0.5148421;0.369313;0.240062;0.17677;1;1;1;1;1;1;0.557578;0.74927;0.293116;0.397886;1;1;1;0.48383;0.725745;0.616382;0.41518;0.440585;1;1
1;1;0.360491;0.382403;0.38152;0.40821;0.690674;0.675143;0.775525;0.524406;0.66095;0.412352;0.388111;0.477634;0.442277;0.537;0.537;0.42862;0.42862;0.4150187;0.4150187;0.3266396;0.4150187;0.4369781903;0.5461625216;0.3984032833;0.5461625216;1;1;1;1;1;1;1;1;1;1;0.75284;0.57495;0.539343;0.545886;0.60654;0.579939;0.521945;0.405217;0.425599;0.2842853;1;0.5296059;0.385264;0.254644;0.189377;1;1;1;1;1;1;0.630737;1;0.307811;0.4;1;1;1;0.524301;0.786495;0.668696;0.438126;0.460043;1;1
1;1;0.401054;0.423813;0.421042;0.448823;0.731092;0.710898;0.833333;0.554886;0.6935;0.45116;0.428023;0.51812;0.483406;0.58801;0.58801;0.47011;0.47011;0.4487611;0.4487611;0.3609698;0.4487611;0.4828689008;0.6016906041;0.4494033446;0.6016906041;1;1;1;1;1;1;1;1;1;1;0.75284;0.640345;0.606069;0.614309;0.682566;0.651687;0.586518;0.424846;0.441935;0.2984535;1;0.5436774;0.401566;0.269753;0.20257;1;1;1;1;1;1;0.722942;1;0.322725;0.4;1;1;1;0.568365;0.852659;0.725745;0.456824;0.4752;1;1
1;1;0.44786;0.470893;0.466516;0.494681;0.770105;0.745822;1;0.587554;0.72552;0.495376;0.473692;0.562412;0.528989;0.64387;0.64387;0.51562;0.51562;0.485247;0.485247;0.3989082;0.485247;0.533396625;0.6615649727;0.5079349596;0.6615649727;1;1;1;1;1;1;1;1;1;1;0.75284;0.716944;0.687444;0.694885;0.772094;0.739187;0.665268;0.444368;0.457553;0.3130424;1;0.5570355;0.418216;0.285391;0.216349;1;1;1;1;1;1;0.804429;1;0.337441;0.4;1;1;1;0.616382;0.924666;0.786495;0.471493;0.48567;1;1
1;1;0.501498;0.524128;0.51852;0.546231;1;1;1;0.624586;1;0.545521;0.525658;0.610761;0.579351;0.70505;0.70505;0.56553;0.56553;0.5246993;0.5246993;0.4408339;0.5246993;0.588770321;0.7250264216;0.5750130913;0.7250264216;1;1;1;1;1;1;1;1;1;1;1;0.806309;0.785555;0.789474;0.877193;0.844683;0.760215;0.464469;0.47315;0.3280568;1;0.5696683;0.435217;0.301557;0.230715;1;1;1;1;1;1;0.916667;1;0.351544;0.4;1;1;1;0.668696;1;0.852659;0.483473;0.492807;1;1
1;1;0.562563;0.584004;0.577631;0.603917;1;1;1;0.670361;1;0.602115;0.584462;0.663417;0.634814;0.77204;0.77204;0.62029;0.62029;0.5673592;0.5673592;0.4871661;0.5673592;0.651327613;0.7905941252;0.651327613;0.7905941252;1;1;1;1;1;1;1;1;1;1;1;1;1;1;1;1;1;0.482325;0.486745;0.3435016;1;0.5815724;0.452567;0.31825;0.245667;1;1;1;1;1;1;1;1;0.364617;0.4;1;1;1;0.725745;1;0.924666;0.492436;0.497189;1;1
1;1;0.631645;0.651007;0.644427;0.668186;1;1;1;0.733619;1;0.665676;0.650646;0.720626;0.695704;0.8454;0.8454;0.68035;0.68035;0.6134875;0.6134875;0.5383679;0.6134875;0.7366778976;0.855635952;0.7366778976;0.855635952;1;1;1;1;1;1;1;1;1;1;1;1;1;1;1;1;1;0.49511;0.496356;0.3593815;1;0.5927517;0.470267;0.335472;0.261205;1;1;1;1;1;1;1;1;0.376246;0.4;1;1;1;1;1;1;0.498054;0.499394;1;1
1;1;0.709338;0.725622;0.719484;0.739483;1;1;1;0.831839;1;0.736725;0.72475;0.78264;0.762343;0.92575;0.92575;0.74623;0.74623;0.6633662;0.6633662;0.594951;0.6633662;0.8282022535;0.9153523739;0.8282022535;0.9153523739;1;1;1;1;1;1;1;1;1;1;1;1;1;1;1;1;1;0.5;0.5;0.3757011;1;0.6032171;0.488317;0.353221;0.27733;1;1;1;1;1;1;1;1;0.386015;0.4;1;1;1;1;1;1;0.5;0.5;1;1
1;1;0.796233;0.808336;0.80338;0.818254;1;1;1;1;1;0.815782;0.807316;0.849708;0.835056;1;1;0.81849;0.81849;0.7173002;0.7173002;0.657481;0.7173002;0.9165748019;0.9629801222;0.9165748019;0.9629801222;1;1;1;1;1;1;1;1;1;1;1;1;1;1;1;1;1;0.5;0.5;0.3924654;1;0.6129851;0.506717;0.371499;0.294041;1;1;1;1;1;1;1;1;0.393507;0.4;1;1;1;1;1;1;0.5;0.5;1;1
1;1;0.892923;0.899633;0.896693;0.904945;1;1;1;1;1;0.903367;0.898885;0.922077;0.914167;1;1;0.89776;0.89776;0.7756192;0.7756192;0.7265831;0.7756192;0.9809465143;0.9912628352;0.9809465143;0.9912628352;1;1;1;1;1;1;1;1;1;1;1;1;1;1;1;1;1;0.5;0.5;0.4096791;1;0.6220767;0.525466;0.390304;0.311338;1;1;1;1;1;1;1;1;0.398308;0.4;1;1;1;1;1;1;0.5;0.5;1;1
1;1;1;1;1;1;1;1;1;1;1;1;1;1;1;1;1;0.98471;0.98471;0.8386798;0.8386798;0.8029478;0.8386798;0.9998161972;0.9996218265;0.9998161972;0.9996218265;1;1;1;1;1;1;1;1;1;1;1;1;1;1;1;1;1;0.5;0.5;0.4273468;1;0.630517;0.544565;0.409637;0.329222;1;1;1;1;1;1;1;1;0.4;0.4;1;1;1;1;1;1;0.5;0.5;1;1
1;1;1;1;1;1;1;1;1;1;1;1;1;1;1;1;1;1;1;0.9068674;0.9068674;0.8873386;0.9068674;1;0.9999999975;1;0.9999999975;1;1;1;1;1;1;1;1;1;1;1;1;1;1;1;1;1;0.5;0.5;0.4454735;1;1;0.564014;0.429498;0.347692;1;1;1;1;1;1;1;1;0.4;0.4;1;1;1;1;1;1;0.5;0.5;1;1
1;1;1;1;1;1;1;1;1;1;1;1;1;1;1;1;1;1;1;0.9805989;0.9805989;0.9805989;0.9805989;1;1;1;1;1;1;1;1;1;1;1;1;1;1;1;1;1;1;1;1;1;0.5;0.5;0.4640639;1;1;0.583813;0.449887;0.366748;1;1;1;1;1;1;1;1;0.4;0.4;1;1;1;1;1;1;0.5;0.5;1;1
1;1;1;1;1;1;1;1;1;1;1;1;1;1;1;1;1;1;1;1;1;1;1;1;1;1;1;1;1;1;1;1;1;1;1;1;1;1;1;1;1;1;1;1;0.5;0.5;0.4831226;1;1;0.603962;0.470804;0.386391;1;1;1;1;1;1;1;1;0.4;0.4;1;1;1;1;1;1;0.5;0.5;1;1
1;1;1;1;1;1;1;1;1;1;1;1;1;1;1;1;1;1;1;1;1;1;1;1;1;1;1;1;1;1;1;1;1;1;1;1;1;1;1;1;1;1;1;1;0.5;0.5;1;1;1;1;0.492248;0.40662;1;1;1;1;1;1;1;1;0.4;0.4;1;1;1;1;1;1;0.5;0.5;1;1
1;1;1;1;1;1;1;1;1;1;1;1;1;1;1;1;1;1;1;1;1;1;1;1;1;1;1;1;1;1;1;1;1;1;1;1;1;1;1;1;1;1;1;1;1;1;1;1;1;1;0.514221;0.427435;1;1;1;1;1;1;1;1;1;1;1;1;1;1;1;1;1;1;1;1
1;1;1;1;1;1;1;1;1;1;1;1;1;1;1;1;1;1;1;1;1;1;1;1;1;1;1;1;1;1;1;1;1;1;1;1;1;1;1;1;1;1;1;1;1;1;1;1;1;1;0.536722;0.448837;1;1;1;1;1;1;1;1;1;1;1;1;1;1;1;1;1;1;1;1
1;1;1;1;1;1;1;1;1;1;1;1;1;1;1;1;1;1;1;1;1;1;1;1;1;1;1;1;1;1;1;1;1;1;1;1;1;1;1;1;1;1;1;1;1;1;1;1;1;1;0.55975;0.470825;1;1;1;1;1;1;1;1;1;1;1;1;1;1;1;1;1;1;1;1
1;1;1;1;1;1;1;1;1;1;1;1;1;1;1;1;1;1;1;1;1;1;1;1;1;1;1;1;1;1;1;1;1;1;1;1;1;1;1;1;1;1;1;1;1;1;1;1;1;1;0.583306;0.493399;1;1;1;1;1;1;1;1;1;1;1;1;1;1;1;1;1;1;1;1
1;1;1;1;1;1;1;1;1;1;1;1;1;1;1;1;1;1;1;1;1;1;1;1;1;1;1;1;1;1;1;1;1;1;1;1;1;1;1;1;1;1;1;1;1;1;1;1;1;1;0.607391;0.516559;1;1;1;1;1;1;1;1;1;1;1;1;1;1;1;1;1;1;1;1
1;1;1;1;1;1;1;1;1;1;1;1;1;1;1;1;1;1;1;1;1;1;1;1;1;1;1;1;1;1;1;1;1;1;1;1;1;1;1;1;1;1;1;1;1;1;1;1;1;1;0.632003;0.540307;1;1;1;1;1;1;1;1;1;1;1;1;1;1;1;1;1;1;1;1
1;1;1;1;1;1;1;1;1;1;1;1;1;1;1;1;1;1;1;1;1;1;1;1;1;1;1;1;1;1;1;1;1;1;1;1;1;1;1;1;1;1;1;1;1;1;1;1;1;1;1;10000000;1;1;1;1;1;1;1;1;1;1;1;1;1;1;1;1;1;1;1;1
