Idade;ALLG-72;AMERICAN EXPERIENCE;AT2000 (Suavizada 10%)_FEM;AT2000 (Suavizada 10%)_MAS;AT-2000 FEMALE;AT-2000 MALE;AT-49 FEMALE;AT-49 MALE;AT-50;AT-55;AT-71;AT-83 FEMALE (Basic);AT-83 FEMALE (IAM);AT-83 MALE (Basic);AT-83 MALE (IAM);BR-EMSmt-v.2010-f;BR-EMSmt-v.2010-m;BR-EMSsb-v.2010-f;BR-EMSsb-v.2010-m;BR-EMSmt-v.2015-f;BR-EMSmt-v.2015-m;BR-EMSsb-v.2015-f;BR-EMSsb-v.2015-m;BR-EMSmt-v.2021-f;BR-EMSmt-v.2021-m;BR-EMSsb-v.2021-f;BR-EMSsb-v.2021-m;CSG-60;CSO-41;CSO-58;CSO58 - FEM - AGE LAST;CSO58 - FEM - AGE NEAREST;CSO58 - MAS - AGE LAST;CSO58 - MAS - AGE NEAREST;CSO58 FEMALE;CSO58 MALE;CSO80;EB7-75;GAM-71 FEMALE;GAM-71 MALE;GAM-83 - FEMALE (suav 10%);GAM83_BÁSICA - FEMALE;GAM83_BÁSICA - MASC;GAM-83 - MASC (suav 10%);GAM-94 FEMALE;GAM-94MALE;GKF-95;GKM-70;GKM-80;GKM-95;GR-95 MALE;GR-95FEMALE;GRUPAL AMERICANA;HUNTER SEMITROPICAL;IBGE 2006              Ambos os Sexos;IBGE 2007                 Ambos os Sexos;IBGE 2008                 Ambos os Sexos;IBGE 2009                 Ambos os Sexos;Prudential-50;Rentiers Français;RP-2000 FEMALE;RP-2000MALE;SGB-51;SGB-71;SGB-75;UP-84 F;UP-84 M;UP84_MAS_&_FEM;UP-94 FEMALE;UP-94 MALE;USTP-61;X-17;BENTZIEN;Experiência CAP;GRUPAL AMERICANA;IAPC;IBA (FERROVIARIOS);MULLER;RP-2000 DISABLED FEMALE;RP-2000 DISABLED MALE;RRB-44;TASA/1927;WINKLEVOSS;ZIMMERMANN;ZIMMERMANN (FERR. ALEMAES);ALVARO VINDAS;GRUPO AMERICANA;HUNTER'S;IAPB-57 Forte;IAPB-57 FRACA;IBA (FERROVIARIOS);LIGHT FORTE;LIGHT MEDIA;MULLER;PRUDENTIAL (FERR. APOSENT.);RGPS-99/02 M.M;RRB-1944 Mod - Fem;RRB-1944 Mod - Masc;TASA-1927;WYATT 1985 ;ZIMMERMANN EMPR. ESCRIT;Atuários Ingleses;Hubbard Laffitte;J.P. Jansen;Kinkelin;Moser;Samuel Dumas
0;1;0,8453;0,998385;0,99792;0,998206;0,997689;0,99679;0,99596;1;1;1;1;0,998165;1;0,99731;0,99872;0,99726;0,99962;0,998;0,9995849;0,9996089;0,9996562;0,9996628;0,999645475;0,999629203;0,999707398;0,999647327;0,99168;0,97742;0,99292;0,9960579;0,9938;0,9955705;0,99292;0,99452;0,99367;0,99582;1;0,997781;0,996745;1;1;1;1;1;1;1;1;1;1;1;1;1;1;0,975109476;0,975964188;0,976704817;0,977532709;1;0,96398;1;1;1;0,998705;1;1;1;1;1;1;1;1;1;1;0,538;1;1;1;1;1;1;1;1;1;1;1;1;0,9929;1;1;1;1;1;1;1;1;1;1;1;1;1;1;1;1;1;1;1
1;1;0,93651;0,99932;0,999185;0,999245;0,999094;0,99864;0,99842;1;1;1;1;0,999222;1;0,998947;0,99954;0,99905;0,99962;0,99931;0,9998157;0,9997975;0,9998473;0,9998432;0,999774392;0,999757915;0,999807888;0,999773614;0,99793;0,99423;0,99824;0,9984599;0,99833;0,99836;0,99824;0,99906;0,999;0,99893;1;0,99906;0,998726;1;1;1;1;0,999469;0,999408;1;1;1;1;1;1;1;1;0,99770795;0,997817543;0,997708784;0,997848322;1;0,97251;0,999429;0,999363;1;0,998705;1;1;1;1;0,999429;0,999363;1;1;1;1;0,551;1;1;1;1;1;1;1;1;1;1;1;1;0,99313;1;1;1;1;1;1;1;1;1;1;1;1;1;1;1;1;1;1;1
2;1;0,9645;0,999647;0,999546;0,999608;0,999496;0,999297;0,999113;1;1;1;1;0,999598;1;0,999409;0,99975;0,99952;0,9998;0,99965;0,9998952;0,999865;0,9998841;0,9999059;0,999804665;0,99978708;0,999845444;0,99980365;0,99821;0,99586;0,99848;0,9986199;0,99859;0,9985099;0,99848;0,99933;0,99925;0,99901;1;0,999514;0,999285;1;1;1;1;0,999654;0,9996;1;1;1;1;1;1;1;1;0,998745046;0,998801938;0,998812115;0,998867584;1;0,97915;0,999628;0,99957;1;0,998705;1;1;1;1;0,999628;0,99957;1;1;1;1;0,564;1;1;1;1;1;1;1;1;1;1;1;1;0,99335;1;1;1;1;1;1;1;1;1;1;1;1;1;1;1;1;1;1;1
3;1;0,97609;0,999739;0,999633;0,99971;0,999592;0,999479;0,999285;1;1;1;1;0,999702;1;0,999524;0,99984;0,9997;0,99987;0,99978;0,9999268;0,9998932;0,9999209;0,9999312;0,99981986;0,999800887;0,999865799;0,999818613;0,99828;0,99662;0,99854;0,99868;0,99865;0,99857;0,99854;0,9994;0,99932;0,99902;1;0,99964;0,999424;1;1;1;1;0,999742;0,999668;1;1;1;1;1;1;1;1;0,999078266;0,999119807;0,999221631;0,999249957;1;0,98425;0,999722;0,999643;1;0,998705;1;1;1;1;0,999722;0,999643;1;1;1;1;0,577;1;1;1;1;1;1;1;1;1;1;1;1;0,99356;1;1;1;1;1;1;1;1;1;1;1;1;1;1;1;1;1;1;1
4;1;0,9823;0,999791;0,999679;0,999768;0,999643;0,999581;0,999373;1;1;1;1;0,99976;1;0,999583;0,99988;0,99978;0,9999;0,99984;0,99994;0,9999052;0,9999424;0,9999418;0,999828887;0,999808381;0,999878566;0,999827314;0,99835;0,99701;0,9986;0,998735;0,99871;0,9986251;0,9986;0,99947;0,99939;0,99905;1;0,99971;0,999495;1;1;1;1;0,999806;0,999741;1;1;1;1;1;1;1;1;0,999300602;0,999341356;0,999432343;0,999448319;1;0,98813;0,999792;0,999722;1;0,998705;1;1;1;1;0,999792;0,999722;1;1;1;1;0,59;1;1;1;1;1;1;1;1;1;1;1;1;0,99376;1;1;1;1;1;1;1;1;1;1;1;1;1;1;1;1;1;1;1
5;1;0,9864;0,999829;0,999709;0,999811;0,999676;0,999661;0,999434;1;0,99963;0,99954;0,999785;0,999806;0,999581;0,999623;0,9999;0,99982;0,99992;0,99987;0,9999449;0,9999094;0,9999506;0,9999457;0,999834503;0,99981233;0,999886814;0,999832624;0,99841;0,99724;0,99865;0,998785;0,99876;0,998675;0,99865;0,99953;0,99945;0,9991;1;0,999766;0,999544;0,999829;0,99981;0,99962;0,999658;0,999825;0,999763;1;1;1;1;1;1;1;1;0,999520672;0,999531376;0,999558353;0,999567776;1;0,99103;0,999812;0,999745;1;0,998705;1;1;1;1;0,999812;0,999745;1;1;1;1;0,603;1;1;1;1;1;1;1;1;1;1;1;1;0,99395;1;1;1;1;1;1;1;1;1;1;1;1;1;1;1;1;1;1;1
6;1;0,98863;0,999859;0,99973;0,999844;0,999699;0,999722;0,999474;1;0,99962;0,99958;0,999822;0,99984;0,999611;0,99965;0,99991;0,99984;0,99993;0,99988;0,9999457;0,9999091;0,9999529;0,9999461;0,999837836;0,999813807;0,999891232;0,999835838;0,99847;0,99739;0,9987;0,99883;0,99881;0,9987199;0,9987;0,99959;0,99951;0,99914;1;0,999807;0,999576;0,99986;0,999844;0,999647;0,999682;0,999837;0,999773;1;1;1;1;1;1;1;1;0,9996145;0,999627869;0,99963989;0,999645601;1;0,99313;0,999824;0,999756;1;0,998705;1;1;1;1;0,999824;0,999756;1;1;1;1;0,616;1;1;1;1;1;1;1;1;1;1;1;1;0,99413;1;1;1;1;1;1;1;1;1;1;1;1;1;1;1;1;1;1;1
7;1;0,99025;0,999882;0,999743;0,999869;0,999714;0,999766;0,9995;1;0,99961;0,9996;0,999851;0,999866;0,99963;0,999667;0,99991;0,99985;0,99993;0,99989;0,9999442;0,9999062;0,9999525;0,9999445;0,999839168;0,999813331;0,999891021;0,999837089;0,99852;0,99753;0,99874;0,998865;0,99885;0,998755;0,99874;0,99964;0,99956;0,9992;1;0,999838;0,999597;0,999882;0,999869;0,999664;0,999698;0,999847;0,999783;1;1;1;1;1;1;1;1;0,999686062;0,999699398;0,999694257;0,99969792;1;0,9946;0,999835;0,999766;1;0,998705;1;1;1;1;0,999835;0,999766;1;1;1;1;0,629;1;1;1;1;1;1;1;1;1;1;1;1;0,9943;1;1;1;1;1;1;1;1;1;1;1;1;1;1;1;1;1;1;1
8;1;0,99137;0,999882;0,999706;0,999869;0,999672;0,999793;0,999513;1;0,9996;0,99961;0,999851;0,999866;0,999609;0,999648;0,99991;0,99985;0,99992;0,99989;0,9999412;0,9999013;0,9999504;0,9999416;0,999837844;0,999810517;0,999885109;0,999836618;0,99855;0,99769;0,99877;0,9988849;0,99888;0,9987801;0,99877;0,99968;0,9996;0,99924;1;0,999857;0,999608;0,999896;0,999884;0,999673;0,999706;0,999863;0,999799;1;1;1;1;1;1;1;1;0,999718742;0,999731187;0,999729423;0,999732239;1;0,99557;0,999853;0,999784;1;0,998705;1;1;1;1;0,999853;0,999784;1;1;1;1;0,642;1;1;1;1;1;1;1;1;1;1;1;1;0,99446;1;1;1;1;1;1;1;1;1;1;1;1;1;1;1;1;1;1;1
9;1;0,9921;0,999879;0,999675;0,999866;0,999638;0,999807;0,999518;1;0,99959;0,99961;0,999849;0,999864;0,999591;0,999632;0,99989;0,99984;0,99991;0,99988;0,9999373;0,9998948;0,9999474;0,9999376;0,999832374;0,999803899;0,999872877;0,999833681;0,99858;0,99788;0,99879;0,9988901;0,99889;0,99879;0,99879;0,9997;0,99963;0,99926;1;0,999866;0,999611;0,999903;0,999892;0,999676;0,999708;0,99987;0,999806;1;1;1;1;1;1;1;1;0,999726888;0,999739385;0,999748554;0,999751646;1;0,99612;0,99986;0,999791;1;0,998705;1;1;1;1;0,99986;0,999791;1;1;1;1;0,655;1;1;1;1;1;1;1;1;1;1;1;1;0,99461;1;1;1;1;1;1;1;1;1;1;1;1;1;1;1;1;1;1;1
10;1;0,99251;0,999874;0,99965;0,99986;0,99961;0,999809;0,999517;0,999517;0,99958;0,99961;0,999844;0,999859;0,999576;0,999618;0,99986;0,99982;0,99988;0,99987;0,9999325;0,9998859;0,9999435;0,9999327;0,999820862;0,999790844;0,999854557;0,999826833;0,99858;0,99803;0,99879;0,998885;0,99889;0,99878;0,99879;0,99971;0,99964;0,99927;1;0,999868;0,99961;0,999904;0,999893;0,999675;0,999707;0,999869;0,999803;1;1;1;1;1;1;1;1;0,999724793;0,999737637;0,999751563;0,999756283;1;0,99636;0,999859;0,999788;1;0,998705;1;1;1;1;0,999859;0,999788;1;1;1;1;0,668;1;1;1;1;1;1;1;1;1;1;1;1;0,99475;1;1;1;1;1;1;1;1;1;1;1;1;1;1;1;1;1;1;1
11;1;0,99248;0,999867;0,999629;0,999852;0,999587;0,999792;0,999508;0,999508;0,99957;0,9996;0,999837;0,999853;0,999562;0,999606;0,99982;0,99979;0,99985;0,99985;0,999927;0,9998723;0,999939;0,9999262;0,999802033;0,999767438;0,999831516;0,999813796;0,99855;0,99809;0,99877;0,9988699;0,99888;0,998755;0,99877;0,99971;0,99963;0,99923;1;0,999857;0,999603;0,999896;0,999884;0,999669;0,999702;0,999862;0,999792;1;1;1;1;1;1;1;1;0,999716527;0,999729832;0,999735343;0,999743623;1;0,99634;0,999857;0,999781;1;0,998705;1;1;1;1;0,999852;0,999777;1;1;1;1;0,681;1;1;1;1;1;1;1;1;1;1;1;1;0,99488;1;1;1;1;1;1;1;1;1;1;1;1;1;1;1;1;1;1;1
12;1;0,99246;0,999858;0,999612;0,999842;0,999569;0,999775;0,999498;0,999498;0,999559;0,99959;0,999828;0,999845;0,99955;0,999595;0,99978;0,99974;0,99982;0,99981;0,9999209;0,9998491;0,9999336;0,9999169;0,999775941;0,999730034;0,999805656;0,9997903;0,99852;0,99808;0,99874;0,9988451;0,99886;0,99871;0,99874;0,9997;0,99961;0,99915;1;0,999845;0,999595;0,999887;0,999874;0,999662;0,999696;0,999852;0,999774;1;1;1;1;1;1;1;1;0,999685763;0,999693473;0,999693143;0,999707999;1;0,99613;0,999852;0,999772;1;0,998705;1;1;1;1;0,999841;0,999757;1;1;1;1;0,694;1;1;1;1;1;1;1;1;1;1;1;1;0,995;1;1;1;1;1;1;1;1;1;1;1;1;1;1;1;1;1;1;1
13;1;0,99243;0,999848;0,999598;0,99983;0,999554;0,999758;0,999488;0,999488;0,999548;0,99959;0,999817;0,999835;0,999539;0,999585;0,99974;0,99967;0,99978;0,99976;0,9999138;0,9998089;0,9999269;0,9999029;0,999744463;0,999676367;0,999779047;0,999751324;0,99845;0,99802;0,99868;0,99881;0,99883;0,998645;0,99868;0,99968;0,99956;0,99901;1;0,999833;0,999587;0,999878;0,999865;0,999656;0,99969;0,999836;0,999745;1;1;1;1;1;1;1;1;0,99957007;0,999584169;0,999613104;0,999649731;1;0,99578;0,999845;0,99976;1;0,998705;1;1;1;1;0,999823;0,999725;1;1;1;1;0,707;1;1;1;1;1;1;1;1;1;1;1;1;0,99511;1;1;1;1;1;1;1;1;1;1;1;1;1;1;1;1;1;1;1
14;0,99935;0,9924;0,999836;0,999586;0,999817;0,999542;0,99974;0,999476;0,999476;0,999537;0,99958;0,999805;0,999825;0,999528;0,999575;0,9997;0,99958;0,99975;0,99969;0,999905;0,9997443;0,9999175;0,9998818;0,999710183;0,999606472;0,999753466;0,99969423;0,99837;0,99793;0,99861;0,998765;0,99879;0,998575;0,99861;0,99965;0,9995;0,99885;0,999129;0,99982;0,999578;0,999869;0,999854;0,999648;0,999683;0,999811;0,999703;1;1;1;1;1;1;1;1;0,999442613;0,999461677;0,999475674;0,999511221;1;0,99534;0,999838;0,999746;0,997401;0,998705;0,998626;1;1;1;0,999797;0,99968;0,99941;0,99913;1;0,820314378;0,72;1;1;1;1;1;1;1;1;1;1;1;1;0,99521;1;0,99896;1;1;1;1;1;1;1;1;1;1;1;1;1;1;1;1;1
15;0,99938;0,99237;0,999823;0,999575;0,999803;0,99953;0,999722;0,999463;0,999463;0,999525;0,99957;0,999791;0,999812;0,999517;0,999565;0,99967;0,99947;0,99973;0,99961;0,999892;0,9996514;0,9999032;0,9998513;0,999676193;0,99952365;0,999730555;0,999620683;0,99828;0,99785;0,99854;0,99871;0,99874;0,9985;0,99854;0,99961;0,99944;0,99867;0,998994;0,999807;0,999567;0,99986;0,999844;0,999639;0,999675;0,999784;0,999655;0,9997041;0,998805;0,998921;0,998421;0,998712;0,999682;0,99771;1;0,999219299;0,999234944;0,999256595;0,999281485;0,999469;0,99485;0,99983;0,999731;0,997364;0,998512;0,998593;0,998511;0,998586;0,998547;0,999767;0,999629;0,99929;0,999;1;0,825433731;0,733;0,8893;0,8777;1;1;1;1;0,99995;1;1;1;0,999425;0,99969;0,9953;0,7238;0,99896;0,9929;0,99987;0,99993;1;1;1;1;1;0,99964;0,99978;1;1;1;1;1;1;1
16;0,99915;0,99234;0,99981;0,999563;0,999788;0,999519;0,999704;0,999449;0,999449;0,999512;0,99956;0,999776;0,999799;0,999505;0,999554;0,99965;0,99935;0,99971;0,99952;0,9998701;0,9995318;0,999878;0,9998091;0,999645375;0,99943219;0,999711226;0,999535195;0,99819;0,99781;0,99846;0,998645;0,99868;0,99842;0,99846;0,99956;0,99937;0,99849;0,99885;0,999795;0,999556;0,999851;0,999834;0,99963;0,999667;0,999758;0,999609;0,9996683;0,99879;0,9989088;0,998405;0,998711;0,99968;0,9977;1;0,999037193;0,999063956;0,99908303;0,999109221;0,999456;0,99435;0,999823;0,999716;0,997323;0,998306;0,998556;0,998521;0,998615;0,998563;0,999739;0,999579;0,99918;0,99887;1;0,830422491;0,746;0,8917;0,8818;1;1;1;0,974;0,99995;1;1;0,8818;0,999427;0,99968;0,99538;0,7769;0,99895;0,9938;0,99984;0,99991;1;1;1;0,9982;0,9988;0,99963;0,99976;1;-6565;-3;1;-5,32;-5,87;1
17;0,99888;0,99231;0,999796;0,999551;0,999772;0,999505;0,999685;0,999433;0,999433;0,999498;0,99954;0,999761;0,999786;0,999492;0,999542;0,99963;0,99922;0,9997;0,99943;0,9998347;0,9993648;0,9998572;0,9997204;0,999619593;0,999338461;0,999695865;0,999442999;0,9981;0,99775;0,99838;0,998575;0,99861;0,9983451;0,99838;0,9995;0,9993;0,99833;0,998732;0,999782;0,999543;0,999841;0,999823;0,999619;0,999657;0,999738;0,99957;0,9996573;0,998775;0,9988966;0,998399;0,99871;0,999678;0,9977;1;0,998867155;0,998897932;0,998920241;0,998948776;0,999441;0,9939;0,999816;0,999699;0,997278;0,998141;0,998515;0,998533;0,998649;0,998586;0,999719;0,999537;0,99907;0,99875;1;0,835282206;0,759;0,894;0,8859;1;1;1;0,974;0,99995;1;1;0,8859;0,999428;0,99967;0,99545;0,8175;0,99889;0,9933;0,9998;0,99989;1;1;1;0,9982;0,9988;0,99962;0,99975;1;-5,44;-4064;1;-5,16;-5,65;-5,51
18;0,99868;0,99227;0,999781;0,999537;0,999756;0,99949;0,999666;0,999416;0,999416;0,999483;0,99953;0,999745;0,999771;0,999477;0,999528;0,99963;0,9991;0,99969;0,99934;0,9997756;0,9991037;0,9998292;0,999626;0,999599737;0,999248406;0,999684392;0,999353841;0,99801;0,9977;0,99831;0,9985;0,99854;0,998285;0,99831;0,99944;0,99924;0,99822;0,998686;0,999769;0,999529;0,999832;0,999813;0,999608;0,999647;0,999727;0,99954;0,9996608;0,99876;0,9988844;0,998405;0,998709;0,999676;0,99769;1;0,998721563;0,998755936;0,998779744;0,998812084;0,999424;0,99352;0,999812;0,999684;0,997229;0,998082;0,998471;0,998547;0,998689;0,998615;0,999707;0,999505;0,99898;0,99866;1;0,840014414;0,771;0,8963;0,89;1;1;1;0,974;0,99995;1;1;0,89;0,99943;0,99965;0,99552;0,8533;0,99884;0,9935;0,99975;0,99987;1;1;1;0,9982;0,9988;0,9996;0,99974;1;-6215;-3,14;1;-5,02;-5,36;-5,61
19;0,99865;0,99223;0,999766;0,99952;0,99974;0,999472;0,999646;0,999397;0,999397;0,999466;0,99951;0,999729;0,999756;0,99946;0,999512;0,99963;0,99899;0,9997;0,99926;0,9997194;0,9989298;0,9997965;0,9995091;0,999585825;0,999167113;0,999676541;0,999273449;0,99797;0,99763;0,99826;0,99842;0,99846;0,9982351;0,99826;0,99937;0,9992;0,99814;0,998675;0,999755;0,999514;0,999821;0,999801;0,999595;0,999635;0,99972;0,999516;0,9996697;0,998745;0,9988722;0,998421;0,998708;0,999674;0,99768;1;0,998596928;0,998634568;0,998658657;0,998695811;0,999406;0,99325;0,99981;0,999669;0,997174;0,998075;0,998421;0,998563;0,998733;0,998649;0,999699;0,999479;0,99892;0,99859;1;0,844620637;0,783;0,8985;0,894;1;1;1;0,974;0,99995;1;1;0,894;0,999431;0,99962;0,99559;0,8826;0,99879;0,9937;0,9997;0,99984;1;1;1;0,9982;0,9988;0,99957;0,99972;1;-5912;-3,25;1;-4,89;-4,9;-5,69
20;0,99868;0,9922;0,99975;0,999501;0,999723;0,999451;0,999624;0,999376;0,999376;0,999447;0,9995;0,999712;0,99974;0,999441;0,999495;0,99963;0,9989;0,9997;0,9992;0,9996693;0,9988394;0,9997687;0,9993955;0,999577098;0,999097929;0,999671662;0,999206821;0,99791;0,99757;0,99821;0,9983451;0,99838;0,99819;0,99821;0,9993;0,99916;0,9981;0,998664;0,99974;0,999497;0,999811;0,99979;0,999581;0,999623;0,999716;0,999493;0,9996738;0,99873;0,99886;0,99845;0,998706;0,999671;0,99767;0,99104;0,998469711;0,998510652;0,998534679;0,998577055;0,999386;0,9931;0,999809;0,999655;0,997114;0,998068;0,998367;0,998586;0,998781;0,998689;0,999695;0,999455;0,99885;0,99854;0,8956;0,849102377;0,795;0,9006;0,898;0,9;1;1;0,974;0,99995;0,9916;0,898;0,898;0,999431;0,9996;0,99565;0,9033;0,99877;0,9938;0,99964;0,99981;0,99924;1;0,99996;0,9982;0,9988;0,99954;0,9997;0,9998;-5697;-4364;-3,5;-4,78;-4,39;-5,77
21;0,99872;0,99214;0,999735;0,999481;0,999706;0,999427;0,999602;0,999352;0,999352;0,999426;0,99948;0,999694;0,999724;0,999419;0,999475;0,99964;0,99883;0,9997;0,99915;0,9996347;0,9988386;0,999748;0,9992931;0,999572455;0,999043005;0,999669101;0,999156288;0,99786;0,99749;0,99817;0,998285;0,99831;0,9981551;0,99817;0,99924;0,99913;0,99809;0,998653;0,999725;0,999478;0,999799;0,999777;0,999565;0,999608;0,999714;0,99947;0,9996636;0,998715;0,9988478;0,998491;0,998705;0,999658;0,99766;0,99099;0,99834267;0,998369994;0,998411573;0,998458719;0,999364;0,99308;0,999808;0,999643;0,997047;0,998061;0,998307;0,998615;0,998833;0,998733;0,999692;0,99943;0,99878;0,99851;0,8995;0,853461106;0,807;0,9027;0,9019;0,9;0,99255;0,977429;0,974;0,99995;0,99147;0,9019;0,9019;0,999431;0,99957;0,9957;0,9176;0,99871;0,994;0,99957;0,99977;0,99918;1;0,99992;0,9982;0,9988;0,99951;0,99969;0,99977;-5515;-4494;-3,55;-4,68;-4,12;-5,87
22;0,99888;0,99209;0,999719;0,999458;0,999688;0,999401;0,999579;0,999326;0,999326;0,999403;0,99946;0,999675;0,999707;0,999395;0,999454;0,99964;0,99878;0,99971;0,99911;0,9996107;0,9988386;0,9997274;0,9992377;0,999570496;0,999002378;0,999668089;0,999123498;0,99782;0,99741;0,99814;0,9982351;0,99826;0,9981251;0,99814;0,9992;0,99911;0,99811;0,998642;0,999708;0,999456;0,999788;0,999764;0,999547;0,999592;0,999711;0,999444;0,9996387;0,9987;0,9988356;0,998536;0,998704;0,999634;0,99764;0,99093;0,998244203;0,998273207;0,99831765;0,998368653;0,999339;0,99319;0,999806;0,999634;0,996973;0,998054;0,998242;0,998649;0,998851;0,998781;0,999689;0,999402;0,99873;0,99848;0,9034;0,857698263;0,818;0,9048;0,9057;0,9;0,99255;0,977429;0,974;0,99995;0,99128;0,9057;0,9057;0,999431;0,99954;0,99576;0,9272;0,99868;0,9941;0,99949;0,99973;0,99912;1;0,99989;0,9982;0,9988;0,99948;0,99966;0,99974;-5410;-4603;-3,6;-4,6;-3,96;-5,97
23;0,99883;0,99204;0,999702;0,999434;0,99967;0,999373;0,999554;0,999298;0,999298;0,999378;0,99943;0,999655;0,999689;0,999368;0,99943;0,99965;0,99875;0,99971;0,99908;0,9996;0,9988929;0,999713;0,9992183;0,999569699;0,998975123;0,99966802;0,999107756;0,99779;0,99732;0,99811;0,99819;0,99821;0,9981;0,99811;0,99916;0,99909;0,99814;0,99864;0,999691;0,999434;0,999775;0,99975;0,999529;0,999576;0,999708;0,999411;0,999609;0,998685;0,9988234;0,998576;0,998703;0,999605;0,99762;0,99085;0,99818259;0,998213802;0,998261512;0,998315015;0,999312;0,99338;0,999803;0,999627;0,996892;0,998054;0,998169;0,998689;0,998871;0,998833;0,999687;0,999367;0,99872;0,99846;0,9073;0,861815245;0,829;0,9067;0,9095;0,9;0,99255;0,977429;0,974;0,99995;0,99109;0,9095;0,9095;0,99943;0,99951;0,9958;0,9335;0,99864;0,9943;0,9994;0,99968;0,99908;1;0,99986;0,9982;0,9988;0,99945;0,99964;0,9997;-5382;-4;-3,64;-4,53;-3,88;-6,08
24;0,99886;0,99199;0,999686;0,999408;0,999651;0,999343;0,999527;0,999267;0,999267;0,999351;0,99941;0,999634;0,99967;0,999339;0,999404;0,99965;0,99873;0,99971;0,99907;0,999602;0,998924;0,9997128;0,9992269;0,999568856;0,998959616;0,999668142;0,999104997;0,99776;0,99723;0,99809;0,9981551;0,99817;0,9980801;0,99809;0,99913;0,99908;0,99818;0,998629;0,999673;0,999409;0,999761;0,999735;0,999507;0,999556;0,999709;0,999376;0,9995787;0,99867;0,9988112;0,998612;0,998702;0,999575;0,99759;0,99079;0,998147904;0,998181751;0,998232939;0,998287932;0,999282;0,99359;0,999799;0,999624;0,996802;0,998051;0,998089;0,998733;0,998893;0,998851;0,999687;0,999329;0,99873;0,99843;0,9112;0,865813404;0,839;0,9086;0,9132;0,9;0,99255;0,977429;0,974;0,99995;0,9909;0,9132;0,9132;0,999428;0,99948;0,99585;0,938;0,99862;0,9944;0,9993;0,99963;0,99904;1;0,99982;0,9982;0,9988;0,99942;0,9996;0,99966;-5382;-5275;-3,69;-4,47;-3,81;-6,19
25;0,99888;0,99194;0,999669;0,999384;0,999633;0,999314;0,999499;0,999232;0,999232;0,999321;0,99938;0,999612;0,999651;0,999308;0,999378;0,99965;0,99873;0,99971;0,99907;0,9996079;0,9989443;0,9997117;0,9992456;0,999566788;0,998952795;0,999667906;0,999113537;0,99774;0,99712;0,99807;0,9981251;0,99814;0,998055;0,99807;0,99911;0,99907;0,99823;0,998618;0,999653;0,999381;0,999747;0,999719;0,999485;0,999536;0,999709;0,999339;0,9995486;0,998655;0,998799;0,998643;0,998701;0,999546;0,99756;0,99071;0,998123216;0,998159746;0,998214423;0,998270615;0,999249;0,99376;0,999793;0,999624;0,996703;0,998047;0,998001;0,998781;0,998917;0,998871;0,999687;0,999289;0,99874;0,99841;0,9151;0,869694038;0,849;0,9105;0,9169;0,9;0,99255;0,977429;0,974;0,99995;0,9907;0,9169;0,9169;0,999425;0,99946;0,99588;0,9394;0,99861;0,9945;0,99918;0,99956;0,999;1;0,99978;0,9982;0,9988;0,99939;0,99957;0,99962;-5410;-5447;-3,74;-4,44;-3,85;-6,32
26;0,99889;0,99187;0,999653;0,999361;0,999615;0,999286;0,999469;0,999194;0,999194;0,999288;0,99935;0,99959;0,999632;0,999276;0,99935;0,99964;0,99873;0,99971;0,99907;0,9996003;0,9989509;0,9997105;0,9992627;0,999562581;0,998951869;0,999666687;0,999130216;0,99772;0,99701;0,99804;0,9981;0,99811;0,998025;0,99804;0,99909;0,99905;0,99827;0,998598;0,999632;0,99935;0,999732;0,999702;0,999458;0,999512;0,999706;0,999304;0,9995181;0,99864;0,9987868;0,998667;0,9987;0,999516;0,99751;0,99061;0,998093177;0,998132393;0,99819019;0,998247822;0,999213;0,9937;0,999786;0,999622;0,996593;0,998028;0,997904;0,998833;0,998942;0,998893;0,999684;0,999251;0,99875;0,99838;0,919;0,873458384;0,859;0,9123;0,9205;0,9;0,99255;0,977429;0,974;0,99995;0,99049;0,9205;0,9205;0,999421;0,99944;0,99591;0,9403;0,9986;0,9946;0,99905;0,99949;0,99898;1;0,99973;0,9982;0,9988;0,99937;0,99953;0,99957;-5431;-5531;-3,81;-4,42;-3,88;-6,15
27;0,99888;0,9918;0,999638;0,999341;0,999597;0,999262;0,999437;0,999151;0,999151;0,999251;0,99932;0,999569;0,999613;0,999244;0,999323;0,99963;0,99874;0,9997;0,99908;0,9995872;0,9989627;0,9997022;0,9992702;0,999555474;0,998954249;0,99966409;0,999150173;0,9977;0,99689;0,99801;0,9980801;0,99809;0,9979901;0,99801;0,99908;0,99903;0,99829;0,998587;0,99961;0,999316;0,999716;0,999685;0,99943;0,999487;0,999698;0,999273;0,9994871;0,998625;0,9987746;0,998686;0,998699;0,999486;0,99746;0,99052;0,998054967;0,998085945;0,998157472;0,9982167;0,999172;0,99362;0,999777;0,999618;0,996473;0,998022;0,997796;0,998851;0,998917;0,998917;0,999676;0,999218;0,99874;0,99834;0,9231;0,877107618;0,868;0,914;0,9243;0,9;0,99255;0,977429;0,974;0,99995;0,99027;0,9243;0,9243;0,999417;0,99942;0,99593;0,9412;0,99859;0,9947;0,99891;0,99942;0,99895;1;0,99967;0,9982;0,9988;0,99935;0,99949;0,99951;-5452;-5543;-3,93;-4,41;-3,98;-6,59
28;0,99885;0,99174;0,999624;0,999325;0,999581;0,999242;0,999402;0,999104;0,999104;0,999209;0,99928;0,999548;0,999595;0,999212;0,999296;0,99961;0,99874;0,99968;0,99908;0,9995663;0,9989767;0,9996856;0,9992742;0,999544893;0,998957176;0,999659674;0,999171565;0,99767;0,99675;0,99797;0,998055;0,99807;0,9979451;0,99797;0,99907;0,999;0,9983;0,998548;0,999586;0,999278;0,999698;0,999665;0,999398;0,999458;0,999686;0,999246;0,9994552;0,99861;0,9987624;0,998698;0,998697;0,999454;0,9974;0,99042;0,998001502;0,998040126;0,998109037;0,9981702;0,999127;0,99354;0,999765;0,999607;0,996339;0,997978;0,997678;0,998871;0,998889;0,998942;0,999662;0,999189;0,9987;0,9983;0,9271;0,880642841;0,877;0,9157;0,928;0,9;0,99255;0,977429;0,974;0,99996;0,99004;0,928;0,928;0,999411;0,9994;0,99595;0,942;0,99856;0,9947;0,99876;0,99934;0,99893;1;0,99962;0,9982;0,9988;0,99934;0,99945;0,99946;-5508;-5550;-4;-4,42;-4,11;-6,74
29;0,99882;0,99166;0,999611;0,999313;0,999565;0,999226;0,999364;0,999053;0,999053;0,999161;0,99924;0,999527;0,999577;0,999181;0,999269;0,99959;0,99875;0,99967;0,99909;0,9995437;0,9989629;0,9996664;0,9992823;0,999530426;0,998958216;0,999653155;0,999190805;0,99764;0,9966;0,99792;0,998025;0,99804;0,9978951;0,99792;0,99905;0,99896;0,99829;0,998528;0,99956;0,999237;0,99968;0,999644;0,999364;0,999428;0,999669;0,999221;0,999422;0,998595;0,9987502;0,998703;0,998696;0,999422;0,99731;0,99029;0,997934586;0,997972932;0,998046746;0,998110109;0,999078;0,99346;0,999752;0,999588;0,996192;0,997959;0,997548;0,998893;0,998859;0,998917;0,999644;0,999162;0,99864;0,99824;0,9309;0,884065077;0,886;0,9173;0,9315;0,9;0,99255;0,977429;0,974;0,99996;0,98979;0,9315;0,9315;0,999404;0,99939;0,99596;0,9427;0,99855;0,9948;0,99858;0,99924;0,9989;1;0,99955;0,9982;0,9988;0,99933;0,99941;0,99934;-5578;-5555;-4,08;-4,44;-4,25;-6,9
30;0,99877;0,99157;0,999598;0,999306;0,99955;0,999216;0,999323;0,998996;0,998996;0,999107;0,99919;0,999507;0,999559;0,99915;0,999241;0,99956;0,99874;0,99965;0,99908;0,9995182;0,9989459;0,999652;0,9992789;0,999511759;0,998955319;0,999644044;0,999205706;0,9976;0,99644;0,99787;0,9979901;0,99801;0,99784;0,99787;0,99903;0,99892;0,99827;0,99848;0,999531;0,999191;0,999658;0,99962;0,999326;0,999393;0,999649;0,999199;0,9993874;0,998576;0,998738;0,9987;0,998694;0,999388;0,9972;0,99016;0,99786134;0,997914684;0,997978596;0,998044106;0,999024;0,99336;0,999736;0,999556;0,996029;0,997901;0,997405;0,998917;0,998827;0,998889;0,999623;0,999138;0,99857;0,99818;0,9333;0,887375267;0,894;0,9189;0,9344;0,9;0,99255;0,977429;0,974;0,99996;0,98952;0,9344;0,9344;0,999395;0,99939;0,99595;0,9435;0,99852;0,9948;0,99836;0,99912;0,99888;0,9999;0,99947;0,9982;0,9988;0,99932;0,99936;0,99921;-5655;-5561;-4,16;-4,18;-4,41;-7,07
31;0,99872;0,99149;0,999586;0,999301;0,999537;0,999211;0,999279;0,998933;0,998933;0,999047;0,99914;0,999487;0,99954;0,999119;0,999214;0,99953;0,99873;0,99963;0,99907;0,9994922;0,9989237;0,9996425;0,9992658;0,999488736;0,998946664;0,99963235;0,999214168;0,99755;0,99627;0,99781;0,9979451;0,99797;0,9977801;0,99781;0,999;0,99887;0,99822;0,998432;0,999501;0,99914;0,999636;0,999596;0,999283;0,999355;0,999627;0,999179;0,9993508;0,998527;0,9987241;0,99869;0,998685;0,999352;0,99707;0,99002;0,997780729;0,997826754;0,99790706;0,997974621;0,998964;0,99325;0,999693;0,999501;0,995849;0,997843;0,997247;0,998942;0,998792;0,998859;0,999599;0,999117;0,99849;0,99811;0,9348;0,890574261;0,9;0,9204;0,936;0,905;0,99255;0,977429;0,974;0,99996;0,98923;0,936;0,936;0,999385;0,99938;0,99594;0,9442;0,9985;0,9948;0,99819;0,99902;0,99885;0,9997;0,99938;0,99818;0,99879;0,99931;0,99932;0,99915;-5750;-5568;-4,26;-4,53;-4,61;-7,21
32;0,99866;0,99139;0,999575;0,9993;0,999524;0,999211;0,99923;0,998864;0,998864;0,99898;0,99908;0,999466;0,999521;0,999087;0,999186;0,9995;0,99871;0,9996;0,99906;0,9994624;0,9988971;0,9996315;0,9992421;0,999460972;0,998930887;0,999617659;0,99921555;0,99749;0,99608;0,99775;0,9978951;0,99792;0,997715;0,99775;0,99896;0,99882;0,99817;0,998375;0,999467;0,999084;0,999612;0,999569;0,999237;0,999313;0,999603;0,999161;0,9993123;0,998468;0,9987007;0,99867;0,998668;0,999313;0,99693;0,98986;0,997695373;0,997760078;0,997825517;0,997895324;0,998898;0,99313;0,99965;0,999438;0,995651;0,997774;0,997073;0,998917;0,998703;0,998827;0,999573;0,999098;0,9984;0,99804;0,9358;0,893662812;0,905;0,9219;0,936;0,91;0,99255;0,977429;0,974;0,99996;0,98892;0,936;0,936;0,999372;0,99937;0,99592;0,945;0,99846;0,9947;0,99796;0,9989;0,99882;0,9996;0,99928;0,99817;0,99878;0,9993;0,99925;0,99893;-5858;-5575;-4,3;-4,6;-4,83;-7,43
33;0,99859;0,99128;0,999564;0,999299;0,999512;0,99921;0,999178;0,998787;0,998787;0,998905;0,99902;0,999445;0,999501;0,999055;0,999157;0,99946;0,99865;0,99958;0,99901;0,9994245;0,9988572;0,9996169;0,9992059;0,999428349;0,998906858;0,999599651;0,999208926;0,9974;0,99588;0,99768;0,99784;0,99787;0,99764;0,99768;0,99892;0,99876;0,99809;0,99829;0,999431;0,999022;0,999586;0,99954;0,999185;0,999266;0,999578;0,999152;0,9992713;0,998397;0,9986604;0,998641;0,99864;0,999273;0,99676;0,98968;0,997599608;0,997657409;0,997732562;0,997804875;0,998825;0,99301;0,999606;0,999369;0,995432;0,997667;0,996882;0,998889;0,998602;0,998792;0,999546;0,999088;0,9983;0,99796;0,9367;0,896641567;0,908;0,9232;0,936;0,915;0,99255;0,977429;0,974;0,99996;0,98859;0,936;0,936;0,999357;0,99937;0,99589;0,9457;0,99842;0,9946;0,99772;0,99876;0,99879;0,9995;0,99917;0,99814;0,99876;0,9993;0,99919;0,99869;-5956;-5583;-4,5;-4,68;-5,05;-7,62
34;0,9985;0,99117;0,999551;0,999298;0,9995;0,999209;0,999121;0,998703;0,998703;0,998821;0,99895;0,999422;0,999479;0,99902;0,999124;0,99943;0,99858;0,99955;0,99897;0,9993824;0,9988252;0,9995897;0,9991605;0,999390639;0,998873621;0,999578203;0,999193221;0,99729;0,99565;0,9976;0,9977801;0,99781;0,9975451;0,9976;0,99887;0,99869;0,998;0,998169;0,999392;0,998954;0,999557;0,999508;0,999128;0,999215;0,999551;0,999151;0,9992274;0,998311;0,9986017;0,998603;0,998604;0,999229;0,99658;0,98948;0,99750828;0,997562526;0,99762724;0,997702236;0,998745;0,99286;0,999565;0,999298;0,99519;0,997511;0,99667;0,998859;0,998487;0,998703;0,999518;0,999087;0,99819;0,99786;0,9376;0,899511066;0,91;0,9246;0,9361;0,92;0,99255;0,977429;0,974;0,99996;0,98823;0,9361;0,9361;0,99934;0,99937;0,99584;0,9464;0,99838;0,9945;0,99745;0,99861;0,99876;0,9994;0,99905;0,99811;0,99874;0,99929;0,9991;0,9985;-6068;-5592;-4,7;-4,78;-5,27;-7,83
35;0,99838;0,99105;0,999537;0,999296;0,999485;0,999208;0,999058;0,998609;0,998609;0,998727;0,99888;0,999395;0,999455;0,998977;0,999083;0,99938;0,99851;0,99953;0,99891;0,9993363;0,9987897;0,9995452;0,9991198;0,99934752;0,998830135;0,999553094;0,999168742;0,99715;0,99541;0,99749;0,997715;0,99775;0,997425;0,99749;0,99882;0,99859;0,99789;0,998038;0,999349;0,998878;0,999524;0,999471;0,999045;0,99914;0,999522;0,999149;0,9991807;0,99821;0,9985231;0,998555;0,998556;0,999183;0,99637;0,98927;0,997384127;0,997432187;0,997509488;0,997587533;0,998656;0,99271;0,999525;0,999227;0,994923;0,997338;0,996438;0,998827;0,998357;0,998602;0,999486;0,999085;0,99806;0,99775;0,9384;0,902271728;0,911;0,9259;0,9361;0,925;0,99255;0,977429;0,974;0,99997;0,98784;0,9361;0,9361;0,999319;0,99936;0,99579;0,9468;0,99832;0,9944;0,99713;0,99843;0,99871;0,9992;0,99891;0,99808;0,99872;0,99929;0,99902;0,99819;-6194;-5606;-4,91;-4,9;-5,48;-8,01
36;0,99824;0,99091;0,999519;0,999281;0,999466;0,999206;0,99899;0,998506;0,998506;0,998622;0,9988;0,999364;0,999426;0,998923;0,999032;0,99934;0,99843;0,99949;0,99885;0,9992957;0,9987404;0,9995008;0,9990798;0,999298779;0,998776034;0,999523983;0,999134924;0,99698;0,99514;0,99736;0,99764;0,99768;0,9972801;0,99736;0,99876;0,99847;0,99776;0,99786;0,999302;0,998796;0,999498;0,999442;0,998992;0,999093;0,999488;0,999138;0,9991307;0,998089;0,998423;0,998495;0,998499;0,999133;0,99614;0,98903;0,997248279;0,997314465;0,997377872;0,997458965;0,998557;0,99253;0,999486;0,999159;0,994628;0,997124;0,996181;0,998792;0,998208;0,998487;0,99945;0,999073;0,99791;0,99761;0,9395;0,904923847;0,912;0,9271;0,9361;0,93;0,99255;0,977429;0,974;0,99997;0,98742;0,9361;0,9361;0,999296;0,99935;0,99572;0,9471;0,99827;0,9942;0,99686;0,99828;0,99866;0,9992;0,99876;0,99805;0,9987;0,99928;0,99892;0,99782;-6334;-5622;-5,11;-5,03;-5,67;-8,26
37;0,99809;0,99077;0,999496;0,999251;0,999442;0,999177;0,998915;0,998393;0,998393;0,998505;0,9987;0,999327;0,999393;0,998854;0,998968;0,99929;0,99834;0,99946;0,99879;0,9992506;0,9986557;0,9994663;0,9990488;0,999244051;0,998710392;0,999490572;0,999090918;0,99679;0,99485;0,9972;0,9975451;0,9976;0,9970951;0,9972;0,99869;0,99832;0,9976;0,997664;0,99925;0,998705;0,999464;0,999405;0,998927;0,999034;0,999449;0,999109;0,9990784;0,997948;0,9983;0,998425;0,998429;0,999081;0,99589;0,98876;0,997100565;0,997149753;0,997229828;0,997313372;0,998449;0,99234;0,999446;0,999096;0,994303;0,996882;0,995899;0,998703;0,998052;0,998357;0,999407;0,999042;0,99772;0,99744;0,9407;0,907467587;0,912;0,9282;0,9361;0,935;0,99255;0,977429;0,974;0,99997;0,98697;0,9361;0,9361;0,999268;0,99934;0,99563;0,9473;0,99822;0,994;0,99654;0,99809;0,9986;0,9991;0,99861;0,998;0,99867;0,99926;0,99881;0,99765;-6495;-5611;-5,29;-5,17;-5,84;-8,49
38;0,99791;0,99059;0,999468;0,999204;0,99941;0,999128;0,998833;0,998267;0,998267;0,998376;0,9986;0,999283;0,999354;0,998768;0,998886;0,99924;0,99824;0,99942;0,99872;0,9992009;0,9985962;0,9994422;0,9990124;0,999182912;0,998632758;0,999452554;0,99903703;0,99655;0,99454;0,99699;0,997425;0,99749;0,9968703;0,99699;0,99859;0,99812;0,99742;0,997421;0,999193;0,998603;0,999427;0,999363;0,998846;0,998961;0,999402;0,999061;0,9990244;0,997783;0,9981526;0,998341;0,998346;0,999027;0,99562;0,98848;0,996919175;0,996994408;0,99706373;0,997148867;0,99833;0,99214;0,999402;0,999036;0,993944;0,996583;0,995588;0,998602;0,997875;0,998208;0,999357;0,99899;0,99751;0,99723;0,9422;0,909902967;0,913;0,9293;0,9361;0,94;0,99255;0,977429;0,974;0,99997;0,98649;0,9361;0,9361;0,999236;0,99932;0,99553;0,9474;0,99816;0,9936;0,99617;0,99788;0,99853;0,999;0,99843;0,99794;0,99863;0,99924;0,99869;0,99738;-6684;-5688;-5,45;-5,33;-5,99;-8,72
39;0,99772;0,99041;0,999433;0,999136;0,99937;0,999055;0,998744;0,998128;0,998128;0,998233;0,99849;0,999231;0,999309;0,998659;0,998784;0,99918;0,99814;0,99938;0,99864;0,999137;0,998542;0,9994231;0,9989709;0,99911491;0,998542427;0,999409748;0,998973246;0,99628;0,99419;0,99675;0,9972801;0,99736;0,9966102;0,99675;0,99847;0,9979;0,99721;0,997141;0,999131;0,998491;0,999383;0,999314;0,998747;0,998872;0,999348;0,999001;0,9989696;0,997593;0,9979791;0,998243;0,99825;0,998972;0,99533;0,98816;0,996725318;0,996797602;0,996879054;0,996965324;0,998197;0,99191;0,999352;0,998979;0,993547;0,996239;0,995245;0,998487;0,997673;0,998052;0,999299;0,998925;0,99727;0,99698;0,9428;0,91222986;0,914;0,9304;0,9367;0,945;0,99255;0,977429;0,974;0,99997;0,98599;0,9367;0,9367;0,999199;0,9993;0,99541;0,9475;0,99809;0,9933;0,9958;0,99766;0,99845;0,9989;0,99823;0,99787;0,99858;0,99921;0,99857;0,99707;-6880;-4,74;-5,64;-5,51;-6,12;-8,97
40;0,99752;0,99021;0,999391;0,999047;0,999323;0,998957;0,998645;0,997975;0,997975;0,998075;0,99837;0,999173;0,999258;0,998524;0,998659;0,99912;0,99802;0,99934;0,99856;0,9990588;0,9984638;0,9994032;0,9989117;0,999039579;0,99843879;0,999361632;0,998898134;0,99598;0,99382;0,99647;0,9970951;0,9972;0,9963152;0,99647;0,99832;0,99764;0,99698;0,996832;0,999062;0,998367;0,999335;0,999261;0,998625;0,998762;0,999291;0,998928;0,998915;0,997376;0,9977782;0,998131;0,998138;0,998918;0,99502;0,98782;0,996518738;0,996581094;0,996677914;0,996764949;0,998051;0,99166;0,999294;0,998921;0,993109;0,995866;0,994867;0,998357;0,997444;0,997875;0,999237;0,998847;0,997;0,9967;0,9442;0,91444798;0,915;0,9314;0,9378;0,95;0,99255;0,977429;0,974;0,99996;0,98546;0,9378;0,9378;0,999156;0,99928;0,99527;0,9476;0,99803;0,9929;0,99539;0,99741;0,99836;0,9985;0,998;0,99779;0,99853;0,99917;0,99842;0,99686;-7083;-4,96;-5,81;-5,7;-6,24;-9,23
41;0,99729;0,98999;0,999342;0,998935;0,999268;0,998832;0,998536;0,99778;0,99778;0,997901;0,99821;0,999106;0,999199;0,998359;0,998508;0,99905;0,99789;0,99929;0,99847;0,998959;0,998357;0,9993746;0,9988437;0,998956262;0,998320998;0,999307602;0,998812597;0,99563;0,99341;0,99616;0,9968703;0,99699;0,9959952;0,99616;0,99812;0,99735;0,99671;0,996485;0,998987;0,998211;0,999284;0,999204;0,998478;0,99863;0,999232;0,998844;0,9988611;0,997129;0,9975483;0,998002;0,99801;0,998864;0,99469;0,98743;0,996270465;0,996368943;0,996458329;0,996546793;0,997877;0,99138;0,999226;0,998858;0,992626;0,995434;0,994451;0,998208;0,997182;0,997673;0,999174;0,998757;0,9967;0,9964;0,9449;0,916556874;0,915;0,9323;0,9401;0,951;0,99255;0,977429;0,974;0,99996;0,98489;0,9401;0,9401;0,999107;0,99924;0,99511;0,9477;0,99794;0,9924;0,99494;0,99714;0,99827;0,998;0,99772;0,9977;0,99847;0,99913;0,99826;0,9968;-7300;-5,16;-5,95;-5,9;-6,36;-9,5
42;0,99707;0,98975;0,999285;0,998799;0,999204;0,998678;0,998417;0,997519;0,997519;0,99771;0,998;0,999033;0,999133;0,998158;0,998327;0,99897;0,99775;0,99923;0,99836;0,9988569;0,9982185;0,9993207;0,9987557;0,998864379;0,998188274;0,999247466;0,998715231;0,99525;0,99297;0,99583;0,9966102;0,99675;0,9956504;0,99583;0,9979;0,99705;0,99644;0,99609;0,998906;0,998;0,999225;0,999139;0,998303;0,998473;0,999175;0,998748;0,9988089;0,99685;0,9972879;0,997855;0,997865;0,998812;0,99434;0,987;0,9960137;0,996108709;0,996215111;0,996306847;0,997649;0,99107;0,999148;0,998785;0,992093;0,99495;0,993993;0,998052;0,996905;0,997444;0,999112;0,998654;0,99638;0,99607;0,9446;0,918555914;0,915;0,9332;0,9417;0,952;0,99255;0,977429;0,974;0,99996;0,9843;0,9417;0,9417;0,999051;0,9992;0,99492;0,9478;0,99786;0,9918;0,99448;0,99685;0,99816;0,9975;0,99742;0,99761;0,99841;0,99908;0,99807;0,99648;-7510;-5,31;-6,1;-6,12;-6,49;-9,77
43;0,99682;0,98948;0,999219;0,998638;0,999132;0,998495;0,998285;0,997196;0,997196;0,997501;0,99774;0,998952;0,999058;0,997921;0,998114;0,99889;0,9976;0,99917;0,99825;0,9987526;0,998102;0,999254;0,9986495;0,998763129;0,99803952;0,999180551;0,998605973;0,99482;0,99249;0,99547;0,9963152;0,99647;0,9952755;0,99547;0,99764;0,99672;0,99613;0,995667;0,998814;0,99774;0,999158;0,999065;0,998095;0,998285;0,999123;0,998648;0,9987584;0,996536;0,9969955;0,99769;0,997701;0,998762;0,99396;0,98652;0,995732408;0,995846167;0,995945887;0,996043423;0,997357;0,99074;0,999063;0,998701;0,991504;0,994435;0,993488;0,997875;0,99659;0,997182;0,999057;0,998546;0,99603;0,99572;0,9464;0,920444286;0,914;0,934;0,9442;0,953;0,99255;0,977429;0,973;0,99995;0,98367;0,9442;0,9442;0,998986;0,99916;0,99472;0,9479;0,99777;0,9911;0,99397;0,99654;0,99805;0,997;0,99709;0,99746;0,99831;0,99902;0,99787;0,99629;-7727;-5,5;-6,29;-6,36;-6,63;-10,06
44;0,99654;0,98917;0,999145;0,998453;0,99905;0,998285;0,998141;0,996813;0,996813;0,997273;0,99743;0,998861;0,998974;0,997648;0,997871;0,9988;0,99744;0,99911;0,99813;0,9986543;0,9979678;0,9991841;0,9985202;0,998651654;0,99787367;0,999106393;0,998483974;0,99436;0,99196;0,99508;0,9959952;0,99616;0,9948655;0,99508;0,99735;0,99636;0,99581;0,995205;0,998714;0,997431;0,999081;0,998979;0,997853;0,998068;0,999077;0,998542;0,9987063;0,996187;0,9966695;0,997503;0,997515;0,99871;0,99356;0,98601;0,995427451;0,995537278;0,995651819;0,995757002;0,997004;0,99037;0,998971;0,998603;0,990855;0,993876;0,992932;0,997673;0,996231;0,996905;0,999008;0,998432;0,99565;0,99535;0,9476;0,922220983;0,914;0,9347;0,9454;0,954;0,99255;0,977429;0,973;0,99995;0,98301;0,9454;0,9454;0,998912;0,99911;0,99448;0,948;0,99766;0,9904;0,99343;0,99619;0,99793;0,9965;0,99673;0,99725;0,99817;0,99896;0,99766;0,99583;-7937;-6783;-6,45;-6,61;-6,78;-10,35
45;0,99624;0,98884;0,999061;0,998248;0,998957;0,998052;0,997981;0,996375;0,996375;0,997025;0,99708;0,998758;0,998878;0,997343;0,997601;0,9987;0,99725;0,99904;0,998;0,998545;0,9978252;0,9991132;0,9983966;0,998529112;0,997689257;0,999024079;0,998348581;0,99385;0,99139;0,99465;0,9956504;0,99583;0,9944106;0,99465;0,99705;0,99597;0,99545;0,994696;0,998603;0,997078;0,99899;0,998878;0,997574;0,997817;0,999027;0,998422;0,9986483;0,995798;0,9963086;0,997289;0,997302;0,998652;0,99312;0,98543;0,99509294;0,995221708;0,995328595;0,995442395;0,996594;0,98997;0,998876;0,998492;0,990138;0,993266;0,992319;0,997444;0,99582;0,99659;0,998954;0,998303;0,99524;0,99494;0,9484;0,923884779;0,913;0,9354;0,947;0,955;0,99255;0,977429;0,973;0,99995;0,9823;0,947;0,947;0,998826;0,99906;0,99422;0,9481;0,99755;0,9897;0,99288;0,99583;0,99779;0,996;0,99634;0,99703;0,99802;0,99889;0,99741;0,99537;-8161;-6951;-6,6;-6,88;-6,96;-10,66
46;0,99588;0,98844;0,998965;0,998026;0,998852;0,997802;0,997804;0,995884;0,995884;0,996756;0,99668;0,998638;0,998769;0,997012;0,997307;0,9986;0,99705;0,99896;0,99785;0,9984242;0,9976534;0,9990337;0,9982754;0,998394336;0,997485114;0,998933002;0,998198186;0,9933;0,99077;0,99417;0,9952755;0,99547;0,9939059;0,99417;0,99672;0,99554;0,99508;0,994119;0,998481;0,996682;0,998883;0,998759;0,997255;0,997529;0,998967;0,998278;0,9985803;0,995369;0,9959111;0,997045;0,997059;0,998584;0,99265;0,9848;0,994736247;0,994872502;0,994983565;0,995105592;0,996129;0,98952;0,998777;0,998384;0,989347;0,992557;0,991645;0,997182;0,995365;0,996231;0,998889;0,998148;0,99479;0,99449;0,9493;0,925434252;0,912;0,9361;0,9475;0,956;0,991816;0,976153;0,973;0,99995;0,98155;0,9475;0,9475;0,998729;0,999;0,99393;0,9477;0,99741;0,9885;0,99228;0,99543;0,99764;0,9955;0,99595;0,99668;0,99779;0,99881;0,99713;0,99426;-8413;-7027;-6,75;-7,16;-7,18;-10,97
47;0,99545;0,988;0,998859;0,997789;0,998733;0,997537;0,997609;0,995343;0,995343;0,996465;0,99625;0,9985;0,998644;0,996657;0,996991;0,99848;0,99683;0,99888;0,99769;0,9982678;0,9974571;0,9989339;0,9981537;0,998246343;0,9972596;0,998832504;0,998031671;0,99269;0,99009;0,99364;0,9948655;0,99508;0,9933459;0,99364;0,99636;0,99506;0,99468;0,993541;0,998346;0,996246;0,998763;0,998626;0,9969;0,99721;0,998888;0,998101;0,998498;0,994897;0,9954755;0,996767;0,996781;0,998508;0,99214;0,9841;0,994371124;0,994514181;0,994628785;0,994757859;0,995613;0,98903;0,998674;0,998266;0,988475;0,991854;0,990902;0,996905;0,994897;0,99582;0,998804;0,997958;0,99427;0,994;0,9505;0,926867731;0,912;0,9367;0,948;0,957;0,991041;0,974876;0,972;0,99994;0,98076;0,948;0,948;0,998617;0,99893;0,9936;0,9457;0,99725;0,9874;0,99162;0,99499;0,99744;0,995;0,99553;0,99626;0,99751;0,99871;0,99678;0,99344;-8707;-7040;-6,95;-7,45;-7,46;-11,29
48;0,99498;0,98749;0,998739;0,99754;0,9986;0,99726;0,997394;0,994754;0,994754;0,996151;0,99577;0,998342;0,998501;0,996282;0,996657;0,99836;0,99659;0,99879;0,99751;0,9980907;0,9972034;0,998833;0,9979991;0,998083677;0,997010853;0,99872141;0,997847478;0,99202;0,98936;0,99305;0,9944106;0,99465;0,9927261;0,99305;0,99597;0,99453;0,99426;0,992877;0,998198;0,995772;0,998634;0,998482;0,996513;0,996862;0,998794;0,997898;0,9983978;0,99438;0,9950004;0,996452;0,996466;0,99843;0,99159;0,98333;0,994003003;0,994151907;0,994269225;0,994403436;0,995048;0,98849;0,998566;0,99814;0,987512;0,991049;0,990084;0,99659;0,994384;0,995365;0,998703;0,99774;0,99367;0,99345;0,9507;0,928183314;0,911;0,9372;0,9484;0,958;0,990225;0,973596;0,971;0,99994;0,97991;0,9484;0,9484;0,998489;0,99884;0,99324;0,9422;0,99705;0,9861;0,99096;0,99452;0,99721;0,9943;0,99509;0,99579;0,99719;0,9986;0,9964;0,99221;-8,03;-7055;-7,22;-7,76;-7,82;-11,63
49;0,99446;0,98689;0,998607;0,997279;0,998452;0,996972;0,997155;0,99412;0,99412;0,995813;0,99526;0,998163;0,998343;0,99589;0,996306;0,99822;0,99633;0,99869;0,99732;0,9978977;0,9969673;0,9987074;0,9978211;0,997905162;0,996736761;0,998598994;0,997643711;0,99128;0,98855;0,9924;0,9939059;0,99417;0,9920414;0,9924;0,99554;0,99394;0,99379;0,992165;0,998033;0,99526;0,998495;0,998328;0,996097;0,996487;0,99869;0,997674;0,9982751;0,993815;0,9944843;0,996094;0,996129;0,998347;0,99098;0,98248;0,993621665;0,993758696;0,993895274;0,994033297;0,994437;0,9879;0,99845;0,998005;0,98645;0,990189;0,989183;0,996231;0,993804;0,994897;0,998592;0,997499;0,993;0,99284;0,9508;0,929378839;0,91;0,9376;0,9488;0,959;0,989366;0,972313;0,97;0,99993;0,97903;0,9488;0,9488;0,998343;0,99875;0,99285;0,9382;0,99689;0,9847;0,9902;0,99399;0,99691;0,9936;0,99459;0,99527;0,99685;0,99847;0,99599;0,9913;-8,38;-7073;-7,47;-8,09;-8,27;-11,97
50;0,9939;0,98622;0,998462;0,997006;0,99829;0,99667;0,996891;0,993443;0,993443;0,99545;0,99471;0,997967;0,99817;0,995482;0,995943;0,99807;0,99604;0,99858;0,9971;0,9977101;0,9966096;0,9985893;0,9976127;0,997709241;0,996435351;0,998463715;0,997419681;0,99048;0,98768;0,99168;0,9933459;0,99364;0,9912867;0,99168;0,99506;0,99329;0,99329;0,991375;0,997849;0,994715;0,998353;0,99817;0,995657;0,996091;0,998572;0,997421;0,9981262;0,993198;0,9939062;0,995691;0,995782;0,998258;0,99031;0,98155;0,993218562;0,993366788;0,993498948;0,99364052;0,993781;0,98725;0,998324;0,997862;0,985278;0,989237;0,988191;0,99582;0,993147;0,994384;0,998464;0,997227;0,99226;0,99216;0,951;0,930451879;0,909;0,9381;0,949;0,96;0,988465;0,971025;0,969;0,99992;0,97809;0,949;0,949;0,998177;0,99864;0,9924;0,9332;0,99656;0,983;0,9895;0,99345;0,99653;0,9927;0,99403;0,99465;0,99643;0,99832;0,99552;0,98988;-9764;-7094;-7,7;-8,43;-8,82;-12,32
51;0,99337;0,98546;0,998305;0,996721;0,998112;0,996353;0,996639;0,992723;0,992723;0,995057;0,99412;0,997754;0,997984;0,995062;0,995569;0,99791;0,99573;0,99845;0,99687;0,997514;0,9962273;0,9984718;0,9973771;0,99749415;0,996104119;0,998314574;0,99717247;0,9896;0,98673;0,99089;0,9927261;0,99305;0,990467;0,99089;0,99453;0,99258;0,9927;0,990517;0,997676;0,994133;0,998207;0,998008;0,995196;0,995676;0,998432;0,997128;0,9979469;0,992528;0,9932944;0,995239;0,995422;0,998161;0,98957;0,98053;0,992771985;0,992935745;0,993059902;0,993205818;0,993083;0,98653;0,998148;0,997551;0,983986;0,988197;0,987099;0,995365;0,992457;0,993804;0,998314;0,996912;0,99148;0,9914;0,9516;0,931399726;0,908;0,9384;0,9497;0,961;0,987523;0,969732;0,967;0,99991;0,9771;0,9497;0,9497;0,997986;0,99852;0,99191;0,929;0,99616;0,9812;0,98869;0,99284;0,99605;0,9917;0,99341;0,99392;0,99595;0,99816;0,99498;0,98899;-10112;-6,12;-8,15;-8,79;-9,41;-12,69
52;0,99283;0,98461;0,998136;0,996424;0,997921;0,99602;0,996358;0,991962;0,991962;0,994622;0,99354;0,997526;0,997785;0,99463;0,995188;0,99772;0,99538;0,99831;0,99661;0,9973312;0,9957949;0,9983694;0,9970966;0,997258269;0,995740185;0,998150502;0,996900346;0,98863;0,9857;0,99004;0,9920414;0,9924;0,9895773;0,99004;0,99394;0,99181;0,99204;0,989572;0,99748;0,99352;0,998051;0,997835;0,994717;0,995245;0,998266;0,996787;0,9977351;0,99179;0,9926178;0,994734;0,995042;0,998055;0,98875;0,97939;0,992262035;0,992429637;0,992559415;0,992710686;0,992342;0,98573;0,997982;0,997333;0,982561;0,987052;0,985799;0,994897;0,991722;0,993147;0,998136;0,996545;0,99071;0,99056;0,9517;0,932219372;0,906;0,9387;0,9504;0,962;0,986544;0,968437;0,965;0,99991;0,97605;0,9504;0,9504;0,997769;0,99839;0,99138;0,9246;0,9957;0,9792;0,98782;0,99216;0,99546;0,9906;0,99275;0,99306;0,99537;0,99797;0,99432;0,98787;-10548;-7146;-8,6;-9,16;-10,02;-13,06
53;0,99227;0,98367;0,997953;0,996116;0,997714;0,995669;0,996043;0,99116;0,99116;0,994132;0,99291;0,997284;0,997574;0,994189;0,994802;0,99752;0,99501;0,99815;0,99633;0,9971333;0,9953425;0,9982399;0,9967828;0,996999296;0,995340778;0,997969466;0,996600418;0,98756;0,98457;0,98911;0,9912867;0,99168;0,9886078;0,98911;0,99329;0,99097;0,99129;0,98854;0,997262;0,992873;0,99788;0,997645;0,994222;0,9948;0,998093;0,996416;0,9974944;0,990978;0,9918696;0,994173;0,994637;0,997937;0,98784;0,97814;0,99167384;0,991843919;0,991983538;0,992141673;0,991561;0,98488;0,997793;0,997084;0,98099;0,985805;0,984575;0,994384;0,990967;0,992457;0,997949;0,996146;0,98995;0,98963;0,9526;0,9329075;0,904;0,9389;0,9536;0,963;0,985535;0,967141;0,961;0,99989;0,97494;0,9514;0,9514;0,997521;0,99825;0,99079;0,9219;0,99516;0,9769;0,98693;0,99142;0,99475;0,9892;0,99203;0,99216;0,99477;0,99775;0,99352;0,98669;-10975;-7177;-9,1;-9,55;-10,65;-13,45
54;0,99163;0,9826;0,997756;0,995797;0,997493;0,995302;0,99569;0,990318;0,990318;0,993572;0,99226;0,997029;0,99735;0,99374;0,994409;0,9973;0,99459;0,99797;0,99602;0,9969052;0,9949806;0,9980754;0,9964464;0,996715006;0,994902477;0,99776996;0,996270539;0,98639;0,98335;0,9881;0,990467;0,99089;0,9875533;0,9881;0,99258;0,99006;0,99044;0,98741;0,997018;0,992194;0,997685;0,997428;0,993711;0,99434;0,997916;0,996021;0,9972299;0,990085;0,9910424;0,993553;0,994202;0,997806;0,98681;0,97675;0,991014862;0,991186617;0,991339217;0,991505483;0,990739;0,98393;0,997576;0,996804;0,979257;0,984443;0,983119;0,993804;0,990125;0,991722;0,997759;0,995722;0,98918;0,98859;0,9529;0,933460464;0,901;0,9391;0,9545;0,964;0,984503;0,965848;0,956;0,99987;0,97376;0,9515;0,9515;0,997238;0,99809;0,99014;0,9193;0,99451;0,9743;0,986;0,99063;0,99389;0,9876;0,99122;0,99111;0,99407;0,9975;0,99256;0,98546;-11472;-7211;-9,77;-9,95;-11,28;-13,84
55;0,99089;0,98143;0,997543;0,995466;0,997254;0,994923;0,995295;0,989435;0,989435;0,992927;0,99158;0,996758;0,997109;0,993282;0,994006;0,99706;0,99414;0,99777;0,99569;0,9966239;0,9944848;0,9978887;0,996093;0,996403152;0,994421704;0,997550613;0,995907666;0,98512;0,98202;0,987;0,9895773;0,99004;0,986399;0,987;0,99181;0,98907;0,98953;0,986192;0,996744;0,991481;0,997459;0,997177;0,993188;0,993869;0,997706;0,995575;0,9969466;0,989104;0,9901281;0,992871;0,993729;0,99766;0,98562;0,97523;0,990299335;0,990471566;0,990639065;0,990814078;0,989876;0,98288;0,997283;0,996376;0,977348;0,982976;0,981517;0,993147;0,989186;0,990967;0,997534;0,995242;0,98839;0,98745;0,953;0,933874274;0,899;0,9392;0,9515;0,965;0,983456;0,964558;0,951;0,99986;0,97251;0,9515;0,9515;0,996911;0,99792;0,98943;0,9175;0,99378;0,9714;0,9851;0,98979;0,99288;0,986;0,9903;0,98978;0,99319;0,99724;0,99155;0,98456;-12011;-7595;-10,45;-10,37;-11,92;-14,24
56;0,99;0,98011;0,997311;0,995124;0,996997;0,994535;0,994854;0,988509;0,988509;0,992182;0,99088;0,996472;0,996849;0,992816;0,993591;0,99679;0,99365;0,99755;0,99532;0,9963099;0,9940204;0,9976702;0,9957019;0,996061182;0,993894363;0,997308955;0,995508463;0,98376;0,98057;0,98579;0,9886078;0,98911;0,9851297;0,98579;0,99097;0,98798;0,98854;0,984895;0,996426;0,990738;0,997197;0,996886;0,992647;0,993382;0,997437;0,995051;0,9966496;0,988024;0,9891178;0,992124;0,993215;0,997499;0,98424;0,97357;0,989543263;0,989716566;0,98989844;0,990082396;0,988972;0,98174;0,99691;0,9958;0,975244;0,981367;0,979754;0,992457;0,988137;0,990125;0,997245;0,994678;0,98751;0,98619;0,953;0,934144579;0,897;0,9393;0,9513;0,966;0,982402;0,963268;0,947;0,99984;0,97119;0,9513;0,9513;0,996548;0,99774;0,98866;0,9164;0,99291;0,9682;0,98404;0,98881;0,99162;0,9842;0,98921;0,98813;0,99209;0,99694;0,99059;0,98322;-12585;-8120;-11,2;-10,8;-12,56;-14,66
57;0,98899;0,97866;0,997058;0,994772;0,99672;0,994139;0,99436;0,98754;0,98754;0,991322;0,99015;0,996168;0,996568;0,992342;0,993161;0,99649;0,9931;0,99729;0,99491;0,9959683;0,9934553;0,997436;0,9952837;0,995685565;0,993315789;0,997043039;0,995069642;0,9823;0,979;0,98446;0,9875533;0,9881;0,9837358;0,98446;0,99006;0,98678;0,98751;0,983508;0,996052;0,989961;0,996897;0,996552;0,992068;0,992861;0,997081;0,994419;0,996344;0,986837;0,9880018;0,991312;0,992653;0,997319;0,98262;0,97171;0,988748906;0,988926529;0,989120514;0,989313823;0,988024;0,98047;0,996522;0,995307;0,972925;0,979642;0,977816;0,991722;0,987048;0,989186;0,996861;0,993999;0,98648;0,9848;0,9528;0,934266649;0,895;0,9393;0,9511;0,967;0,981346;0,961974;0,944;0,99982;0,9698;0,9511;0,9511;0,996128;0,99755;0,98781;0,9163;0,99176;0,9646;0,98304;0,98778;0,99067;0,9822;0,98795;0,98605;0,9907;0,99661;0,98974;0,98077;-13208;-8767;-11,9;-11,25;-10,2;-15,08
58;0,98785;0,97706;0,996782;0,994407;0,996422;0,993735;0,993807;0,986524;0,986524;0,990334;0,98939;0,995845;0,996261;0,991854;0,99271;0,99616;0,99251;0,99701;0,99446;0,9955952;0,9929867;0,9971996;0,9948677;0,995273368;0,992681529;0,996750195;0,994586352;0,98076;0,97729;0,983;0,986399;0,987;0,9822118;0,983;0,98907;0,98546;0,98641;0,982052;0,995612;0,989111;0,996557;0,996175;0,991423;0,992281;0,996641;0,9937;0,9960346;0,985532;0,9867693;0,99043;0,992038;0,99712;0,98067;0,96968;0,987921504;0,988108119;0,988310503;0,988513486;0,987032;0,97909;0,996077;0,994727;0,970371;0,977827;0,975684;0,990967;0,985838;0,988137;0,996388;0,993226;0,98527;0,98327;0,9521;0,934235354;0,893;0,9392;0,9505;0,968;0,98029;0,960666;0,942;0,99979;0,96833;0,9505;0,9505;0,99565;0,99733;0,98688;0,92;0,99036;0,9606;0,98177;0,98654;0,98965;0,9801;0,98664;0,98335;0,9889;0,99623;0,98916;0,97802;-13852;-8,5;-12,67;-11,72;-10,84;-15,52
59;0,98669;0,97528;0,996477;0,994012;0,996093;0,993306;0,993188;0,985458;0,985458;0,989218;0,98859;0,995485;0,995919;0,991329;0,992218;0,9958;0,99186;0,9967;0,99397;0,995191;0,9922603;0,9969666;0,9944493;0,994821602;0,991986396;0,996427814;0,994054967;0,97913;0,97543;0,98141;0,9851297;0,98579;0,9805432;0,98141;0,98798;0,98402;0,98523;0,980515;0,995099;0,988076;0,996179;0,995754;0,990685;0,991616;0,996137;0,99291;0,9957266;0,984098;0,9854086;0,989476;0,991364;0,996899;0,97832;0,96745;0,987050606;0,987249505;0,987457741;0,987670829;0,985991;0,97756;0,995559;0,994055;0,967558;0,975911;0,973339;0,990125;0,984491;0,987048;0,995846;0,992377;0,98389;0,98161;0,9514;0,934045151;0,891;0,9391;0,9499;0,969;0,979232;0,959332;0,94;0,99977;0,96677;0,9499;0,9499;0,995105;0,99711;0,98587;0,9242;0,98944;0,9561;0,98063;0,98526;0,98856;0,9778;0,98537;0,9811;0,9874;0,99582;0,98857;0,97302;-14517;-10747;-13,46;-12,9;-14,18;-15,97
60;0,98513;0,97331;0,996137;0,993572;0,995723;0,99283;0,992496;0,984338;0,984338;0,987973;0,98775;0,995073;0,995533;0,990734;0,991662;0,99541;0,99114;0,99635;0,99344;0,9947375;0,9915628;0,9966991;0,9939992;0,994325141;0,991224464;0,9960733;0,993470399;0,97738;0,97341;0,97966;0,9837358;0,98446;0,9787198;0,97966;0,98678;0,98244;0,98392;0,978878;0,994511;0,986881;0,995759;0,995288;0,989825;0,990842;0,995561;0,992024;0,9954248;0,982522;0,9839072;0,988448;0,990626;0,996655;0,97578;0,96499;0,986113304;0,986326113;0,986538754;0,986761836;0,984898;0,97589;0,994945;0,993253;0,964462;0,973872;0,970762;0,989186;0,98299;0,985838;0,995227;0,991424;0,98239;0,9798;0,9502;0,933690059;0,889;0,939;0,9488;0,97;0,978161;0,957958;0,938;0,99974;0,96512;0,9488;0,9488;0,994484;0,99685;0,98478;0,9293;0,98806;0,9511;0,97937;0,9838;0,98736;0,9752;0,98423;0,9793;0,9862;0,99532;0,98796;0,96647;-15252;-11723;-14,31;-12,69;-15,12;-16,42
61;0,98351;0,97112;0,995758;0,993067;0,995301;0,992286;0,991722;0,983131;0,983081;0,986599;0,98687;0,994589;0,995092;0,990039;0,991017;0,99499;0,99036;0,99597;0,99285;0,9942665;0,990788;0,9964043;0,9934962;0,993780984;0,990389522;0,995683024;0,992827784;0,97549;0,97122;0,97776;0,9822118;0,983;0,9767366;0,97776;0,98546;0,98074;0,98246;0,977122;0,993844;0,98556;0,995297;0,994775;0,988818;0,989936;0,994907;0,991014;0,9951346;0,980791;0,982251;0,987343;0,989817;0,996409;0,9736;0,96228;0,985096424;0,985321743;0,98554036;0,985774105;0,983781;0,97406;0,994186;0,992324;0,961053;0,971598;0,967929;0,988137;0,981315;0,984491;0,994524;0,990337;0,98083;0,97783;0,9491;0,93316364;0,887;0,9387;0,9471;0,971;0,977064;0,956526;0,936;0,9997;0,96337;0,9471;0,9471;0,993777;0,99655;0,98361;0,934;0,98677;0,9456;0,9778;0,98206;0,98585;0,9708;0,98302;0,97794;0,98529;0,99472;0,98737;0,95783;-16043;-12475;-15,2;-13,2;-15,76;-16,89
62;0,98169;0,96871;0,995332;0,99248;0,994819;0,991652;0,990856;0,981801;0,981652;0,985099;0,98593;0,994017;0,994587;0,989213;0,99026;0,99452;0,98951;0,99555;0,9922;0,9937534;0,9901371;0,9960865;0,9929026;0,99318335;0,989474311;0,995253128;0,992121115;0,9734;0,96882;0,97569;0,9805432;0,98141;0,974574;0,97569;0,98402;0,9789;0,98081;0,975189;0,993102;0,984137;0,99479;0,994211;0,98763;0,988867;0,994168;0,989853;0,9948621;0,978888;0,980425;0,986158;0,988933;0,996158;0,9717;0,95929;0,984002732;0,984237067;0,984465762;0,984712332;0,982366;0,97204;0,993343;0,991243;0,957303;0,969092;0,964817;0,987048;0,979483;0,98299;0,993729;0,989089;0,97918;0,97572;0,9469;0,932458982;0,886;0,9384;0,945;0,972;0,97592;0,955019;0,934;0,99966;0,96153;0,945;0,945;0,992971;0,9962;0,98236;0,9379;0,98529;0,9394;0,97674;0,98041;0,98379;0,9655;0,98166;0,97687;0,98458;0,994;0,9868;0,94566;-16862;-13051;-16;-10,72;-16,4;-17,37
63;0,97966;0,96606;0,994856;0,991793;0,994268;0,990907;0,989888;0,980334;0,980014;0,983474;0,98492;0,993344;0,99401;0,988231;0,98937;0,99401;0,98857;0,99509;0,99149;0,9932555;0,98931;0,9957102;0,9921979;0,992528383;0,98847116;0,99477935;0,991343638;0,97114;0,96624;0,97343;0,9787198;0,97966;0,9722116;0,97343;0,98244;0,97691;0,97894;0,973088;0,992288;0,982587;0,994231;0,99359;0,986232;0,987609;0,993323;0,988529;0,9944916;0,976799;0,9784128;0,984892;0,988042;0,995874;0,97041;0,95661;0,982823988;0,983061956;0,983306791;0,983569087;0,808833;0,96983;0,992352;0,989988;0,953178;0,96636;0,961399;0,985838;0,977438;0,981315;0,992821;0,987665;0,97748;0,97344;0,945;0,931568677;0,886;0,9381;0,9427;0,973;0,974707;0,953416;0,932;0,99961;0,95958;0,9427;0,9427;0,992053;0,99579;0,98103;0,94;0,98371;0,9325;0,97538;0,97843;0,98093;0,966;0,98049;0,97603;0,98402;0,99311;0,9861;0,94068;-17702;-12,5;-16,7;-14,26;-17,04;-17,86
64;0,9774;0,96313;0,994329;0,990992;0,993653;0,990032;0,988805;0,978717;0,978132;0,981714;0,98381;0,992584;0,993367;0,98708;0,988336;0,99346;0,98754;0,99459;0,99071;0,9927171;0,9883541;0,9952865;0,9913287;0,991809333;0,987372864;0,994258693;0,990488442;0,96869;0,96342;0,97096;0,9767366;0,97776;0,9696249;0,97096;0,98074;0,97475;0,97686;0,970838;0,991392;0,980815;0,993614;0,992905;0,984591;0,986132;0,992379;0,98706;0,99391;0,974505;0,9761968;0,98354;0,987182;0,995526;0,96887;0,95241;0,981548101;0,981785472;0,982050969;0,982331131;0,979073;0,9674;0,991381;0,98872;0,948643;0,963423;0,957645;0,984491;0,975153;0,979483;0,991806;0,986086;0,97569;0,97096;0,9426;0,930484796;0,885;0,9377;0,9398;0,974;0,9734;0,951693;0,93;0,99953;0,95752;0,9398;0,9398;0,991007;0,99526;0,97962;0,9406;0,98193;0,9249;0,97396;0,97621;0,97705;0,97;0,97982;0,9754;0,9836;0,99194;0,98537;0,93166;-17,55;-14171;-17,18;-14,81;-17,68;-18,36
65;0,97493;0,95987;0,99375;0,99006;0,992983;0,989007;0,987594;0,976934;0,975988;0,979808;0,98259;0,991759;0,992664;0,985752;0,987149;0,99286;0,98642;0,99407;0,98986;0,9921928;0,987451;0,9947654;0,9904167;0,991020284;0,986168367;0,993685062;0,98954805;0,966;0,96036;0,96825;0,974574;0,97569;0,9667793;0,96825;0,9789;0,97239;0,97458;0,96838;0,990437;0,97874;0,992936;0,992151;0,982676;0,984408;0,991364;0,985465;0,9931125;0,971987;0,9737577;0,981929;0,986303;0,995091;0,9671;0,94844;0,980195218;0,980430507;0,980719303;0,981018842;0,97706;0,96473;0,990294;0,987263;0,94366;0,960201;0,953525;0,98299;0,972768;0,977438;0,990714;0,984371;0,97378;0,96825;0,9406;0,929198877;0,885;0,9372;0,9371;0;0,971974;0,949826;0,927;0,99944;0,95535;0,9371;0,9371;0,989817;0,99458;0,97813;0,9409;0,9801;0,9164;0,97244;0,9737;0;0,97;0,97999;0,9754;0,9836;0,99042;0,9846;0,9237;-19382;-11735;-18,26;-15,38;-18,32;-18,87
66;0,97223;0,95629;0,993122;0,988984;0,992266;0,987812;0,986241;0,97497;0,973588;0,977744;0,98123;0,990886;0,99191;0,984239;0,985801;0,99222;0,98519;0,99352;0,98893;0,9915947;0,9864871;0,9942136;0,9894651;0,990155005;0,984848913;0,993052833;0,988514061;0,963;0,95704;0,96526;0,9722116;0,97343;0,9636391;0,96526;0,97691;0,96979;0,97215;0,965636;0,989435;0,976357;0,992183;0,991314;0,980468;0,982421;0,990306;0,983761;0,9920943;0,969224;0,9710751;0,979969;0,98536;0,994552;0,96516;0,9441;0,978723858;0,978957712;0,97926865;0,979587153;0,974788;0,96181;0,989046;0,985591;0,938186;0,956555;0,949005;0,981315;0,970366;0,975153;0,989577;0,982538;0,97172;0,96526;0,9381;0,927701895;0,885;0,9367;0,9347;0;0,970406;0,947787;0,924;0,99933;0,95305;0,9347;0,9347;0,988458;0,99372;0,97656;0,941;0,9775;0,9071;0,97093;0,97047;0;0;0,98352;0,9754;0,9836;0,98842;0,98378;0,91707;-20257;-15160;-18,95;-15,97;-18,96;-19,39
67;0,9693;0,95235;0,992445;0,987749;0,991509;0,986428;0,984728;0,972807;0,970955;0,975509;0,97971;0,989988;0,991112;0,982533;0,984283;0,9915;0,98384;0,9929;0,9879;0,9909586;0,9856205;0,993607;0,9885436;0,989204451;0,983403936;0,992356962;0,987376244;0,95968;0,95344;0,96196;0,9696249;0,97096;0,9601753;0,96196;0,97475;0,96692;0,96956;0,962605;0,988379;0,973684;0,991319;0,990354;0,977996;0,980196;0,989236;0,981966;0,9908507;0,966193;0,9681269;0,977658;0,984309;0,993917;0,96303;0,93931;0,977051824;0,977284627;0,977613905;0,977949262;0,972271;0,9586;0,987837;0,983925;0,932178;0,952509;0,944047;0,979483;0,967927;0,972768;0,988426;0,980609;0,96947;0,96196;0,9359;0,925984249;0,885;0,9359;0,9315;0;0,968675;0,94555;0,921;0,99917;0,95062;0,9315;0,9315;0,986913;0,9927;0,97491;0,941;0,97513;0,8966;0;0,98281;0;0;0,9861;0,9754;0,9836;0,98571;0,9829;0,90491;-20,41;-15127;-19,74;-16,57;-19,61;-19,93
68;0,9661;0,948;0,991713;0,986343;0,990712;0,98484;0,983037;0,970423;0,968133;0,973089;0,97801;0,989069;0,990269;0,980627;0,982586;0,99073;0,98237;0,99225;0,98677;0,9902066;0,9843674;0,9928939;0,9875013;0,988161304;0,981821029;0,991590992;0,986126517;0,95599;0,94954;0,95832;0,9667793;0,96825;0,9563968;0,95832;0,97239;0,96376;0,96681;0,959267;0,987123;0,970812;0,990298;0,98922;0,975301;0,977771;0,988237;0,980141;0,9893768;0,962869;0,9648894;0,974998;0,983109;0,993205;0,9607;0,93405;0,975129869;0,975362927;0,975704421;0,976053294;0,969544;0,95509;0,986555;0,982129;0,925585;0,948037;0,938613;0,977438;0,965257;0,970366;0,987352;0,978646;0,96699;0,95832;0,9328;0,92403574;0,885;0,9328;0,9285;0;0,966766;0,943091;0,918;0,99896;0,94805;0,9285;0,9285;0,985153;0,9912;0,97318;0,9408;0,97219;0,885;0;0,98005;0;0;0,98862;0,9754;0,9836;0,98209;0,98196;0,88897;-21990;-14,5;-20,8;-17,18;-20,26;-20,17
69;0,96259;0,94324;0,990898;0,984767;0,989837;0,983054;0,981147;0,967798;0,965164;0,970469;0,97611;0,988084;0,989347;0,978514;0,980704;0,98991;0,98075;0,99157;0,98554;0,9894017;0,9832057;0,9920786;0,9864026;0,987016075;0,980086382;0,990748306;0,984750322;0,95197;0,9453;0,95439;0,9636391;0,96526;0,9523488;0,95439;0,96979;0,96034;0,96383;0,95563;0,985539;0,967565;0,989078;0,987865;0,972426;0,975183;0,987291;0,978271;0,987668;0,959225;0,9613377;0,971988;0,981722;0,992428;0,9582;0,92829;0,972972788;0,97320724;0,973556508;0,973916528;0,966648;0,95124;0,98514;0,980198;0,918358;0,943145;0,932659;0,975153;0,962333;0,967927;0,986335;0,976636;0,96427;0,95439;0,9288;0,921845552;0,885;0,9288;0,925;0;0,964665;0,940387;0,914;0,99868;0,94534;0,9256;0,92562;0,983148;0,98943;0,97137;0,9401;0,96891;0,8721;0;0,9769;0;0;0,99084;0,9754;0,9836;0,9772;0,98098;0,87099;-22728;-16187;-22,5;-17,81;-20,92;-21,03
70;0,95877;0,93801;0,989966;0,983021;0,988835;0,98108;0,979036;0,964908;0,962084;0,967633;0,974;0,986973;0,988303;0,97619;0,978629;0,989;0,97898;0,99081;0,98419;0,9884784;0,9816211;0,9911638;0,9849644;0,985758771;0,978186247;0,989819903;0,983236448;0,94767;0,9407;0,95021;0,9601753;0,96196;0,9480856;0,95021;0,96692;0,9567;0,96049;0,951761;0,983523;0,963894;0,987615;0,986239;0,969411;0,97247;0,98627;0,97627;0,9857194;0,955232;0,957445;0,968629;0,980114;0,991602;0,95557;0,92198;0,97064088;0,970878158;0,971233744;0,971604395;0,963624;0,94702;0,983258;0,977794;0,910439;0,937916;0,92614;0,972768;0,959129;0,965257;0,985237;0,974484;0,96134;0,95021;0,9245;0,919402234;0,885;0,9245;0,9189;0;0,962365;0,937417;0,911;0,99828;0,94246;0,922;0,9225;0,980865;0,98716;0,96948;0,9389;0,96524;0,8578;0;0,97331;0;0;0,9915;0,9754;0,9836;0,97042;0;0,84491;0;-17080;-24,9;-18,46;-21,5;-21,6
71;0,9546;0,93233;0,988883;0,981109;0,987661;0,978929;0,976679;0,961728;0,958899;0,964564;0,97166;0,985674;0,987095;0,973647;0,976353;0,98798;0,97705;0,98994;0,9827;0,9875181;0,9797101;0,9902546;0,9833239;0,984379274;0,976105796;0,98879712;0,981569944;0,94314;0,93573;0,94585;0,9563968;0,95832;0,9436627;0,94585;0,96376;0,95291;0,9567;0,947725;0,981;0,959992;0,985872;0,984302;0,966273;0,969646;0,985047;0,974049;0,9835264;0,950859;0,9531835;0,964919;0,97825;0,990738;0,95286;0,91507;0,968161479;0,968401546;0,968765561;0,969148062;0,960491;0,9424;0,981421;0,97543;0,90177;0,931614;0,919006;0,970366;0,955496;0,962333;0,983921;0,972095;0,95818;0,94585;0,9193;0,916693689;0,885;0,9193;0;0;0,95986;0,934159;0,908;0;0,93944;0,919;0,91905;0,978266;0,98425;0,96751;0,9372;0,96114;0;0;0;0;0;0;0,9754;0,9836;0;0;0,81071;0;-18235;0;-19,12;-22,27;-22,18
72;0,95006;0,92627;0,987614;0,979033;0,986266;0,976612;0,974046;0,958229;0,95558;0,961244;0,96907;0,984128;0,985681;0,97088;0,973869;0,98688;0,97492;0,98898;0,98107;0,9863999;0,9773024;0,989252;0,9812998;0,982865033;0,973829179;0,98766786;0,979736012;0,93842;0,93034;0,94135;0,9523488;0,95439;0,9391145;0,94135;0,96034;0,949;0,95235;0,943542;0,978089;0,956173;0,98384;0,982045;0,962922;0,96663;0,983494;0,971519;0,981084;0,946072;0,9485238;0,96086;0,976111;0,989849;0,95012;0,90749;0,965491401;0,965732345;0,966108252;0,966504094;0,957239;0,93734;0,979335;0,972719;0,892287;0,924952;0,911205;0,967927;0,951496;0,959129;0,982252;0,969375;0,9547;0,94135;0,9136;0,913707152;0,885;0,9136;0;0;0,957149;0,930595;0,905;0;0,93625;0,917;0,91516;0,975305;0,98064;0,96546;0,935;0,95656;0;0;0;0;0;0;0,9754;0,9836;0;0;0,77873;0;-19691;0;-19,8;-22,96;-22,78
73;0,9451;0,91982;0,986129;0,976791;0,984609;0,974129;0,971108;0,95438;0,952013;0,957654;0,9662;0,982283;0,98402;0,967877;0,971165;0,9857;0,9726;0,98796;0,97928;0,9852265;0,9745881;0,9882251;0,9791248;0,981201721;0,97133692;0,986426338;0,97771768;0,93358;0,9245;0,93674;0,9480856;0,95021;0,9343895;0,93674;0,9567;0,94499;0,94736;0,939269;0,974888;0,952511;0,981519;0,979466;0,959244;0,96332;0,981656;0,968799;0,9783877;0,940836;0,9434355;0,956451;0,973714;0,988946;0,9474;0,89923;0,962621649;0,962860324;0,963253754;0,96366532;0,953796;0,93181;0,97703;0,969613;0,881925;0,917997;0,902681;0,965257;0,947087;0,955496;0,980276;0,966451;0,95085;0,93674;0,9058;0,910429188;0,885;0,9058;0;0;0,954231;0,926708;0,901;0;0,93287;0,915;0,91075;0,971934;0,97614;0,96333;0,9322;0,95144;0;0;0;0;0;0;0,9754;0,9836;0;0;0,74742;0;-20,5;0;-20,49;-20,67;-20,37
74;0,93976;0,91297;0,984408;0,974356;0,982674;0,971448;0,967829;0,950148;0,948178;0,953774;0,96302;0,980117;0,982091;0,964602;0,968206;0,98442;0,97006;0,98687;0,97732;0,9835775;0,9719341;0,9871998;0,9767102;0,979375752;0,968607677;0,985058127;0,975495225;0,92847;0,91819;0,93188;0,9436627;0,94585;0,9293475;0,93188;0,95291;0,94077;0,94181;0,93479;0,971368;0,948779;0,978908;0,976565;0,955124;0,959612;0,979619;0,965949;0,9754325;0,93511;0,9378872;0,951692;0,971086;0,988039;0,94466;0,89013;0,95953779;0,959772367;0,96018825;0,960617638;0,950095;0,92576;0,974542;0,9661;0,870613;0,910583;0,893374;0,962333;0,942225;0,951496;0,978085;0,963386;0,94658;0,93188;0,8986;0,906845677;0,886;0,8986;0;0;0,951105;0,922488;0,897;0;0,92931;0,913;0,90571;0,968096;0,97076;0,96112;0,9288;0,94571;0;0;0;0;0;0;0,9754;0,9836;0;0;0,71144;0;-24;0;-21,19;-24,41;-20,98
75;0,93398;0,90563;0,982436;0,971696;0,980449;0,968523;0,964171;0,945499;0,944054;0,949583;0,95951;0,977617;0,979873;0,961014;0,964954;0,98301;0,96727;0,98567;0,97517;0,9817921;0,9701071;0,986155;0,9742156;0,977371174;0,965621812;0,983548207;0,973049345;0,92296;0,91136;0,92663;0,9391145;0,94135;0,9238357;0,92663;0,949;0,9362;0,93581;0,929996;0,967615;0,944707;0,976008;0,973342;0,950448;0,955403;0,977314;0,962789;0,9722138;0,928854;0,9318469;0,946584;0,968254;0,987122;0,94212;0,88028;0,956231057;0,956461246;0,956903021;0,957352434;0,946116;0,91915;0,971894;0,962166;0,858279;0,902547;0,883223;0,959129;0,936858;0,947087;0,975607;0,959988;0,94201;0,92663;0,8933;0,902941815;0,887;0,8902;0;0;0,94777;0,917933;0,894;0;0,92556;0,911;0,89993;0,963725;0,96463;0,95883;0,925;0,9393;0;0;0;0;0;0;0,9754;0,9836;0;0;0,66909;0;0;0;-21,92;-25,19;-24,61
76;0,9277;0,89769;0,980195;0,96878;0,977925;0,965314;0,960093;0,940391;0,939619;0,945059;0,95561;0,974772;0,977346;0,95707;0,961369;0,98144;0,96422;0,98434;0,97281;0,9796916;0,9673046;0,9848903;0,9713326;0,975168586;0,962354352;0,981883999;0,970364164;0,91686;0,90398;0,92082;0,9343895;0,93674;0,9176941;0,92082;0,94499;0,93115;0,92947;0,924701;0,963592;0,939932;0,972815;0,969795;0,945124;0,950612;0,974675;0,959142;0,9687268;0,922024;0,9252823;0,941125;0,965241;0,986132;0,93996;0,86947;0,952673023;0,952902122;0,953370593;0,953840647;0,941836;0,91194;0,969034;0,957831;0,844846;0,892913;0,872161;0,955496;0,931372;0,942225;0,972769;0,956067;0,93704;0,92082;0,88595;0,898702111;0,888;0,8808;0;0;0,944223;0,913049;0,89;0;0,92159;0,9028;0,8933;0,958748;0,95986;0,95646;0,92;0,93214;0;0;0;0;0;0;0;0;0;0;0,61853;0;0;0;-22,65;-26,02;-25,25
77;0,92086;0,88894;0,977672;0,965575;0,97509;0,961775;0,955549;0,934784;0,93486;0,940179;0,95128;0,971567;0,974491;0,952728;0,957413;0,9797;0,96088;0,98286;0,97023;0,9776982;0,9641216;0,9833554;0,9682788;0,972750461;0,958778349;0,98004931;0,967402831;0,91002;0,89601;0,9143;0,9293475;0,93188;0,9107849;0,9143;0,94077;0,92548;0,92288;0,918766;0,959231;0,934076;0,969328;0,96592;0,939158;0,945242;0,971634;0,954829;0,9649666;0,914573;0,9181611;0,935317;0,962072;0,984996;0,93797;0,85774;0,948820728;0,949055514;0,949550093;0,950039344;0,937239;0,90407;0,965895;0,953094;0,830235;0,882037;0,86012;0,951496;0,925352;0,936858;0,969499;0,95143;0,93133;0,9143;0,87762;0,894110393;0,889;0,8708;0;0;0,940455;0,907851;0,885;0;0,91741;0,8941;0,8857;0,953081;0,95599;0,95401;0,912;0,92413;0;0;0;0;0;0;0;0;0;0;0,55712;0;0;0;-20,4;-26,92;-25,89
78;0,91329;0,87917;0,974842;0,962052;0,971926;0,957868;0,950487;0,928632;0,929747;0,934919;0,9465;0,967983;0,971283;0,947946;0,953049;0,97779;0,95722;0,98124;0,96739;0,9752026;0,9601143;0,9813885;0,9651576;0,970094845;0,95486855;0,978026521;0,964142992;0,90229;0,88741;0,90694;0,9238357;0,92663;0,9030733;0,90694;0,9362;0,91908;0,9161;0,912091;0,954528;0,927405;0,965541;0,961712;0,93258;0,939322;0,968273;0,949789;0,9609287;0,906451;0,9104519;0,92916;0,958768;0,983648;0,93593;0,84498;0,944634395;0,944885396;0,945403602;0,94590892;0,932303;0,89548;0,962405;0,947877;0,814367;0,869717;0,847028;0,947087;0,918744;0,931372;0,965885;0,946009;0,92465;0,90694;0,86811;0,889149822;0,89;0,8609;0;0;0,936455;0,90236;0,878;0;0,913;0,885;0,87738;0,944629;0,95333;0,95148;0,905;0,91518;0;0;0;0;0;0;0;0;0;0;0,48091;0;0;0;-24,17;-27,92;-26,56
79;0,90484;0,86827;0,971659;0,958188;0,968388;0,953573;0,944853;0,921887;0,924259;0,929253;0,94121;0,963971;0,967672;0,942675;0,948245;0,97569;0,95321;0,97945;0,96427;0,9723977;0,9570344;0,9789397;0,9617656;0,967176013;0,950588152;0,975793504;0,960555354;0,89375;0,87814;0,89881;0,9176941;0,92082;0,8946491;0,89881;0,93115;0,91201;0,90895;0,904732;0,949384;0,920308;0,961451;0,957168;0,925417;0,932875;0,964638;0,944139;0,9566081;0,897608;0,9021243;0,922652;0,955351;0,982028;0,93316;0,83107;0,940090128;0,940368531;0,94090873;0,941427668;0,927003;0,88614;0,958494;0,942073;0,797161;0,855971;0,832812;0,942225;0,911482;0,925352;0,961976;0,939934;0,91698;0,89881;0,8577;0,88380291;0,891;0,8497;0;0;0,932207;0,896608;0,868;0;0,90835;0,8751;0,86696;0,939282;0,95058;0,94887;0,8958;0,90518;0;0;0;0;0;0;0;0;0;0;0,3868;0;0;0;-24,95;-29,01;-27,23
80;0,89548;0,85553;0,968067;0,953963;0,96442;0,948872;0,938585;0,914497;0,918373;0,923153;0,9354;0,959475;0,963605;0,936868;0,942974;0,97326;0,94882;0,97736;0,96086;0,9690613;0,9520826;0,9759527;0,9582148;0,963968533;0,945905652;0,973329512;0,956603867;0,88452;0,86815;0,89002;0,9107849;0,9143;0,8856076;0,89002;0,92548;0,90436;0,90116;0,896832;0,943915;0,912569;0,957055;0,952283;0,9177;0,92593;0,960604;0,937973;0,9520001;0,887988;0,8931502;0,915795;0,951841;0,980083;0;0,81603;0;0;0;0;0,921316;0,87597;0,954121;0,935632;0,778536;0,840957;0,817396;0,936858;0,903782;0,918744;0,957639;0,933304;0,90792;0,89002;0,844;0,878051548;0,888;0,8366;0;0;0,927688;0,890628;0,856;0;0,90346;0,8645;0,85574;0,930916;0;0,94618;0,8864;0;0;0;0;0;0;0;0;0;0;0;0,25601;0;0;0;-25,75;-30,31;0
81;0;0,8414;0,964015;0,949357;0,95997;0,94375;0,931617;0,906407;0,912063;0,916589;0,9291;0,954439;0,959025;0,930477;0,937209;0,97038;0,94402;0,97484;0,95711;0,965148;0,9471581;0,9726632;0,9542011;0,960444987;0,940786519;0,970609388;0,952256026;0,87468;0,8574;0,88065;0,9030733;0,90694;0,8760519;0,88065;0,91908;0,89622;0,89252;0,888447;0,938147;0,904555;0,952345;0,94705;0,909462;0,918516;0,956048;0,931385;0,9471;0,877536;0,8835039;0,908588;0,948257;0,977763;0;0,79986;0;0;0;0;0,915218;0,86492;0,94922;0,927959;0,758411;0,823185;0,800704;0,931372;0,89569;0,911482;0,95274;0,92622;0;0,88065;0,82863;0,871877041;0,874;0,8259;0;0;0,922865;0,884456;0,841;0;0,89829;0;0,84351;0,921392;0;0,94341;0,8768;0;0;0;0;0;0;0;0;0;0;0;0,08;0;0;0;0;0;0
82;0;0,8257;0,959448;0,944349;0,954983;0,938191;0,923879;0,897557;0,9053;0,909529;0,92233;0,948806;0,953879;0,923453;0,930919;0,96693;0,93875;0,97183;0,953;0,9605341;0,9413458;0,9692093;0,950052;0,956571875;0,935191292;0,967602642;0,94746519;0,86437;0,84584;0,87083;0,8946491;0,89881;0,8660774;0,87083;0,91201;0,88768;0,88275;0,879723;0,932064;0,896309;0,947309;0,941454;0,900756;0,91068;0,950847;0,924468;0,941903;0,866194;0,8731636;0,901031;0,944617;0,975024;0;0,78212;0;0;0;0;0,908681;0,85292;0,943706;0,919514;0,7368;0,804143;0,782661;0,925352;0,887184;0,903782;0,947147;0,918783;0;0,87083;0,81289;0,865260161;0,859;0,8108;0;0;0,917702;0,878123;0,826;0;0,89285;0;0;0,910547;0;0,94056;0,867;0;0;0;0;0;0;0;0;0;0;0;0;0;0;0;0;0;0
83;0;0,80844;0,95431;0,93892;0,9494;0,932174;0,915293;0,887887;0,898056;0,901939;0,91506;0,942517;0,948111;0,915771;0,924092;0,96289;0,93299;0,96824;0,9485;0,9555047;0,9361773;0,9657092;0,9455982;0,952314688;0,929076522;0,96428098;0,942185156;0,85365;0,83343;0,86062;0,8856076;0,89002;0,8557027;0,86062;0,90436;0,8788;0,87174;0,870719;0,925649;0,887697;0,941929;0,935477;0,891639;0,902475;0,945143;0,91749;0,9364043;0,853901;0,8621119;0,893124;0,940938;0,971848;0;0,76323;0;0;0;0;0,901678;0,83991;0,937494;0,910282;0,71336;0,783891;0,76319;0,918744;0,877921;0,89569;0,941014;0,911279;0;0,86062;0,79943;0,858181201;0,842;0,7965;0;0;0,912162;0,871657;0,808;0;0,88713;0;0;0,8982;0;0,93763;0,852;0;0;0;0;0;0;0;0;0;0;0;0;0;0;0;0;0;0
84;0;0,78864;0,948544;0,933052;0,943135;0,925678;0,905776;0,877331;0,890306;0,893783;0,90713;0,935488;0,941664;0,907502;0,91677;0,95815;0,92668;0,96423;0,94355;0,9502775;0,9305007;0,9618287;0,9402999;0,947631936;0,922393739;0,960610692;0,936375859;0,84249;0,82012;0,84999;0,8760519;0,88065;0,8448759;0,84999;0,89622;0,86955;0,85975;0,861403;0,918499;0,878884;0,936193;0,929103;0,88217;0,893953;0,939021;0,910387;0,9305991;0,840598;0,8503369;0,884868;0,937236;0,968287;0;0,74279;0;0;0;0;0,894181;0,82583;0,930483;0,900221;0,688293;0,762343;0,742219;0,911482;0,867826;0,887184;0,934431;0,903642;0;0,84999;0,78776;0,850620057;0,822;0,7837;0;0;0,906206;0,865077;0,789;0;0,8811;0;0;0,884141;0;0,93462;0,838;0;0;0;0;0;0;0;0;0;0;0;0;0;0;0;0;0;0
85;0;0,76445;0,942087;0,926725;0,936093;0,918674;0,89524;0,865822;0,882013;0,885023;0,89831;0,927632;0,934482;0,898739;0,909013;0,95251;0,91976;0,95958;0,93813;0,9440604;0,9226083;0,9571112;0,933491;0,94248508;0,915099773;0,956548791;0,929971609;0,8308;0,80587;0,83886;0,8660774;0,87083;0,8335321;0,83886;0,88768;0,85988;0,84705;0,851724;0,910821;0,869898;0,930082;0,922313;0,872405;0,885164;0,932262;0,90276;0,9244828;0,826225;0,8378334;0,876261;0,933527;0,96441;0;0,72022;0;0;0;0;0,886159;0,81061;0,922554;0,889243;0,661451;0,73938;0,719678;0,903782;0,856821;0,877921;0,927164;0,895441;0;0,83886;0,77685;0,842556311;0,801;0,7686;0;0;0,899797;0,858397;0,764;0;0,87476;0;0;0,868195;0;0,93153;0,814;0;0;0;0;0;0;0;0;0;0;0;0;0;0;0;0;0;0
86;0;0,73432;0,934881;0,919924;0,928185;0,911137;0,883591;0,853291;0,873157;0,87562;0,88835;0,918863;0,926507;0,889576;0,900878;0,94587;0,91219;0,95418;0,93218;0,9372409;0,9152065;0,9509825;0,9255813;0,936818209;0,907141253;0,952055219;0,922911789;0,81854;0,79063;0,82718;0,8557027;0,86062;0,8216079;0,82718;0,8788;0,84973;0,83391;0,841641;0,902532;0,860685;0,92343;0,914922;0,862033;0,87583;0,924653;0,894208;0,9180505;0,810722;0,8246033;0,867305;0,929825;0,96028;0;0,6975;0;0;0;0;0,877585;0,79419;0,913624;0,877203;0,632783;0,698936;0,695503;0,89569;0,844853;0,867826;0,918982;0,886245;0;0,82718;0,77087;0,833969346;0,776;0,7541;0;0;0,892901;0,851626;0,734;0;0,86809;0;0;0,84991;0;0,92835;0,783;0;0;0;0;0;0;0;0;0;0;0;0;0;0;0;0;0;0
87;0;0,69698;0,926864;0,91263;0,919318;0,903042;0,87073;0,839667;0,863693;0,865534;0,87695;0,909093;0,917682;0,880106;0,892423;0,9383;0,90391;0,94781;0,92566;0,9300565;0,9056784;0,9439542;0,9160401;0,930584542;0,898457589;0,947080492;0,915129928;0,80561;0,77437;0,81487;0,8448759;0,84999;0,8089795;0,81487;0,86955;0,83902;0,82045;0,831063;0,893548;0,851286;0,91613;0,906811;0,851256;0,86613;0,915977;0,884329;0,9112975;0,79403;0,8106571;0,858;0,926108;0,955959;0;0,67239;0;0;0;0;0,868425;0,77652;0,903663;0,863957;0,602254;0,654665;0,669636;0,887184;0,831792;0,856821;0,909652;0,875623;0;0,81487;0,76393;0,824838466;0,749;0,7399;0;0;0,885488;0,844765;0,697;0;0,86107;0;0;0,82916;0;0,92508;0,745;0;0;0;0;0;0;0;0;0;0;0;0;0;0;0;0;0;0
88;0;0,65331;0,918009;0,904831;0,909443;0,894369;0,856555;0,824876;0,853603;0,854726;0,86388;0,898279;0,907983;0,870391;0,883684;0,9296;0,89483;0,94072;0,9185;0,9229784;0,898086;0,9367785;0,906561;0,923722645;0,888989182;0,941565691;0,906554274;0,79184;0,757;0,80175;0,8335321;0,83886;0,7954268;0,80175;0,85988;0,82761;0,80673;0,819871;0,883774;0,841514;0,908065;0,89785;0,839919;0,855927;0,90618;0,87302;0,904219;0,776094;0,7960142;0,848344;0,922209;0,951499;0;0,64617;0;0;0;0;0,858648;0,75752;0,892697;0,84941;0,56984;0,606097;0,642028;0,877921;0,817539;0,844853;0,899118;0,863463;0;0,80175;0,75549;0,81514305;0,718;0,7228;0;0;0,877536;0,837814;0,653;0;0,8537;0;0;0,805535;0;0,92167;0,7;0;0;0;0;0;0;0;0;0;0;0;0;0;0;0;0;0;0
89;0;0,60414;0,908423;0,896545;0,898693;0,885142;0,84096;0,808849;0,842847;0,843159;0,84893;0,886546;0,897509;0,860357;0,874606;0,91904;0,88489;0,93266;0,91065;0,9145639;0,886905;0,9296605;0,89503;0,916163292;0,878672799;0,935456126;0,897091737;0,77692;0,73856;0,78754;0,8216079;0,82718;0,7806319;0,78754;0,84973;0,81525;0,79271;0,807792;0,873107;0,831291;0,898646;0,887384;0,827934;0,845141;0,895406;0,860548;0,8968102;0,756861;0,7807038;0,838339;0,91794;0,946953;0;0,61759;0;0;0;0;0,848225;0,73717;0,880846;0,83358;0,535536;0,552354;0,612641;0,867826;0,80197;0,831792;0,887533;0,850051;0;0,78754;0,74226;0,804862719;0,684;0,7007;0;0;0,869028;0,830767;0,604;0;0,84596;0;0;0,778637;0;0,91797;0,6417;0;0;0;0;0;0;0;0;0;0;0;0;0;0;0;0;0;0
90;0;0,54545;0,898242;0,887792;0,887241;0,875388;0,823839;0,791515;0,831396;0,830798;0,83196;0,874064;0,886395;0,849901;0,865113;0,9069;0,874;0,92349;0,90204;0,9047932;0,8792892;0,9223065;0,8856409;0,907837952;0,86743205;0,928667232;0,886642807;0,76045;0,71901;0,77186;0,8089795;0,81487;0,7641777;0,77186;0,83902;0,80162;0,77823;0,794505;0,861423;0,820548;0,88825;0,875833;0,815215;0,833693;0,883735;0,847069;0,8890664;0,736286;0,764765;0,827984;0,91312;0,942367;0;0,59012;0;0;0;0;0,837121;0,7154;0,868318;0,816592;0,499355;0,49227;0,581449;0,856821;0,784965;0,817539;0,874984;0,835558;0;0,77186;0,67627;0,793977538;0,645;0,6742;0;0;0,859951;0,816592;0,545;0;0,83781;0;0;0,748012;0;0,91348;0,5833;0;0;0;0;0;0;0;0;0;0;0;0;0;0;0;0;0;0
91;0;0,46753;0,887605;0,878598;0,875267;0,865139;0,805087;0,772808;0,819217;0,817611;0,81285;0,861003;0,874773;0,838918;0,855127;0,89353;0,86208;0,91273;0,89259;0,8944785;0,8715147;0,914172;0,8752708;0,898666723;0,85519197;0,921123459;0,875112378;0,74194;0,69827;0,75423;0,7954268;0,80175;0,7455625;0,75423;0,82761;0,78629;0,76302;0,779667;0,848808;0,809511;0,876924;0,863249;0,801984;0,821786;0,871249;0,83274;0,8809828;0,714326;0,7482469;0,817279;0,907583;0,937786;0;0,55665;0;0;0;0;0,825306;0,6922;0,855396;0,800231;0,461331;0,456933;0,548443;0,844853;0,767017;0,80197;0,861558;0,820151;0;0,75423;0,63901;0,782468235;0,602;0,65;0;0;0,850302;0,800231;0,468;0;0,82906;0;0;0;0;0,90658;0,525;0;0;0;0;0;0;0;0;0;0;0;0;0;0;0;0;0;0
92;0;0,36574;0,876651;0,868983;0,862946;0,854425;0,784601;0,752668;0,806276;0,803569;0,79154;0,847531;0,862778;0,827301;0,844571;0,8789;0,84902;0,90094;0,88223;0,8823843;0,8610684;0,9057325;0,8674423;0,888548886;0,841881729;0,912737798;0,86237588;0,72077;0,67636;0,73407;0,7806319;0,78754;0,7241782;0,73407;0,81525;0,76876;0,74655;0,762732;0,834923;0,798319;0,86437;0,8493;0,788378;0,80954;0,858027;0,817719;0,8725546;0,690951;0,7312089;0,806225;0,901174;0,933195;0;0,52212;0;0;0;0;0,812746;0,66754;0,842382;0,783395;0,421521;0,416609;0,513628;0,831792;0,747455;0,784965;0,84734;0,803999;0;0,73407;0,59474;0,770316454;0,554;0,6154;0;0;0,840076;0,783395;0,366;0;0,81941;0;0;0;0;0,89221;0,4667;0;0;0;0;0;0;0;0;0;0;0;0;0;0;0;0;0;0
93;0;0,26582;0,865514;0,85897;0,850448;0,843273;0,762286;0,73104;0,792554;0,788645;0,76811;0,833813;0,850538;0,814951;0,833371;0,86143;0,83472;0,88773;0,87087;0,8677755;0,8497728;0,8957045;0,8533819;0,877394883;0,827418506;0,903408928;0,848295333;0,69624;0,65334;0,7107;0,7641777;0,77186;0,6993315;0,7107;0,80162;0,74853;0,72789;0,743125;0,819599;0,787014;0,850423;0,833803;0,774437;0,796993;0,844069;0,801608;0,8637772;0,666137;0,7137195;0,79482;0,893746;0,928374;0;0,49153;0;0;0;0;0,799415;0,64143;0,829567;0,766338;0,380006;0,369929;0,47703;0,817539;0,726122;0,767017;0,832332;0,786675;0;0,7107;0,54277;0,757505043;0,499;0,5;0;0;0,829567;0,766338;0,266;0;0,80846;0;0;0;0;0,8551;0,4083;0;0;0;0;0;0;0;0;0;0;0;0;0;0;0;0;0;0
94;0;0,14286;0,854311;0,848578;0,837921;0,83171;0,738057;0,707882;0,778038;0,772814;0,74285;0,819992;0,838166;0,801781;0,821463;0,84205;0,81907;0,872;0,8584;0,8537493;0,8375588;0,8849497;0,841428;0,865086997;0,811718614;0,893020746;0,832763717;0,66751;0,629;0,68334;0,7455625;0,75423;0,6693043;0,68334;0,78629;0,7251;0,7041;0,720198;0,802651;0,773465;0,834897;0,816552;0,757884;0,782096;0,829323;0,7843;0,8546456;0,639873;0,6958559;0,783066;0,885499;0,923068;0;0,44828;0;0;0;0;0,785296;0,61388;0,817201;0,749307;0,33689;0,315355;0,438693;0,80197;0,702848;0,747455;0,816476;0,768064;0;0,68334;0,4837;0,744018363;0,438;0,5;0;0;0,817201;0,749307;0,143;0;0,79571;0;0;0;0;0,75028;0,35;0;0;0;0;0;0;0;0;0;0;0;0;0;0;0;0;0;0
95;0;0;0,843154;0,837821;0,825508;0,819755;0,711847;0,683166;0,762684;0,756053;0,71616;0,806205;0,825772;0,787709;0,808786;0,82002;0,80192;0,85359;0,84473;0,8373461;0,8243518;0,8735971;0,8262532;0,851497944;0,794699929;0,881420293;0,815595014;0,6312;0,60379;0,64876;0,7241782;0,73407;0,6293554;0,64876;0,76876;0,69697;0,67004;0,69116;0,783871;0,758836;0,817581;0,797312;0,739904;0,765914;0,813787;0,766394;0,8451552;0,61216;0,6777023;0,770962;0,876724;0,917048;0;0,38462;0;0;0;0;0,770361;0,58494;0,805491;0,732509;0,292303;0,246135;0,398685;0,784965;0,677447;0,726122;0,799771;0,748811;0;0,64876;0,41573;0,72984264;0,369;0;0;0;0,805491;0,732509;0;0;0,78056;0;0;0;0;0,44772;0,2917;0;0;0;0;0;0;0;0;0;0;0;0;0;0;0;0;0;0
96;0;0;0,832159;0,826721;0,813353;0,807435;0,683609;0,656878;0,746513;0,738341;0,68843;0,792589;0,813465;0,772654;0,795279;0,79406;0,78314;0,83165;0,82973;0,8189924;0,8100709;0,8628149;0,8104411;0,836496024;0,776254297;0,868427097;0,796626023;0,57941;0,55281;0,59944;0,6993315;0,7107;0,5665119;0,59944;0,74853;0,65664;0,61545;0,64821;0,76303;0,743796;0,798243;0,775826;0,72396;0,751564;0,797462;0,74849;0,8353012;0,583014;0,6593493;0,758509;0,867421;0,910304;0;0,2;0;0;0;0;0,754598;0,55468;0,794621;0,716095;0,246399;0,242674;0,357094;0,767017;0,650495;0,702848;0,782217;0,729559;0;0,59944;0,35136;0,714966343;0,292;0;0;0;0,794621;0,716095;0;0;0,76231;0;0;0;0;0,14516;0,2334;0;0;0;0;0;0;0;0;0;0;0;0;0;0;0;0;0;0
97;0;0;0,821437;0,815294;0,801597;0,794771;0,653326;0,629027;0,728431;0,719658;0,65979;0,779282;0,801354;0,756533;0,78088;0,76985;0,76258;0,81328;0,81328;0,8000713;0,794629;0,852209;0,794629;0,819911467;0,756300857;0,853901499;0,775631662;0,48716;0,45174;0,51158;0,6693043;0,68334;0,4507511;0,51158;0,7251;0,59021;0,5198;0,57152;0,741941;0,72752;0,777956;0,753285;0,706718;0,736046;0,780345;0,731185;0,8250789;0,552465;0,640891;0,745705;0,85759;0,902975;0;0;0;0;0;0;0,737472;0,52319;0,78476;0,700148;0,199353;0,201063;0,314033;0,747455;0,621135;0,677447;0,763812;0,710952;0;0,51158;0,30769;0,6993806;0,206;0;0;0;0,78476;0,700148;0;0;0,74016;0;0;0;0;0,04034;0,175;0;0;0;0;0;0;0;0;0;0;0;0;0;0;0;0;0;0
98;0;0;0,810396;0,803054;0,789663;0,781317;0,621014;0,599648;0,706862;0,699985;0,63023;0,765764;0,788898;0,739097;0,765265;0,74806;0,74006;0,79523;0,79523;0,7808157;0,7779316;0,8407122;0,7779316;0,801576641;0,734745063;0,837591052;0,752411015;0,29844;0,27533;0,33185;0,6293554;0,64876;0,2492038;0,33185;0,69697;0,47738;0,34202;0,43775;0,719763;0,709837;0,756101;0,729001;0,687997;0,719197;0,762287;0,714723;0,8144834;0,520562;0,6224241;0,732552;0,847231;0,895059;0;0;0;0;0;0;0,717646;0,49061;0,776053;0,684704;0,151362;0,113675;0,269635;0,726122;0,589125;0,650495;0,744395;0,69325;0;0,33185;0,25;0,683079642;0,109;0;0;0;0,776053;0,684704;0;0;0,71321;0;0;0;0;0,00787;0,1167;0;0;0;0;0;0;0;0;0;0;0;0;0;0;0;0;0;0
99;0;0;0,798443;0,789516;0,776973;0,766629;0,586734;0,568801;0,681566;0,679304;0,59981;0,751515;0,775555;0,720097;0,748111;0,72088;0,7154;0,77543;0,77543;0,7592621;0,7598767;0,8282554;0,7598767;0,781285948;0,711456245;0,819282242;0,726722617;0;0;0;0,5665119;0,59944;0;0;0,65664;0,29145;0;0,24716;0,695321;0,690875;0,731815;0,702017;0,667607;0,700846;0,743288;0,698702;0,80351;0,48737;0,6040454;0,719049;0,836344;0,886556;0;0;0;0;0;0;0,694214;0,45711;0,768613;0,669793;0,102639;0,030196;0,224057;0,702848;0,554232;0,621135;0,723965;0,676024;0;0;0,25;0,666061281;0;0;0;0;0,768613;0,669793;0;0;0,68046;0;0;0;0;0;0;0;0;0;0;0;0;0;0;0;0;0;0;0;0;0;0;0;0
100;0;0;0,784987;0,774194;0,762949;0,750259;0,5506;0,536585;0,652127;0,657598;0,56859;0,736015;0,760785;0,699284;0,729094;0,68928;0,68839;0,75372;0,75372;0,7403538;0,7403538;0,8182897;0,7403538;0,758816809;0,686403562;0,798620805;0,698314157;0;0;0;0,4507511;0,51158;0;0;0,59021;0;0;0,24716;0,66837;0,670175;0,704813;0,672014;0,64535;0,680815;0,723573;0,682762;0,7921539;0,452971;0,5858498;0,705197;0,82493;0,877468;0;0;0;0;0;0;0,666846;0,42289;0,762533;0,655444;0,053411;0;0,177473;0,677447;0,51617;0,589125;0,702767;0,658884;0;0;0,25;0,648327407;0;0;0;0;0,762533;0,655444;0;0;0,64081;0;0;0;0;0;0;0;0;0;0;0;0;0;0;0;0;0;0;0;0;0;0;0;0
101;0;0;0,769435;0,756602;0,747015;0,731763;0,512784;0,50313;0,617566;0,63485;0,53669;0,718745;0,744047;0,676408;0,707889;0,65882;0,65882;0,7299;0,7299;0,7192437;0,7192437;0,8018205;0,7192437;0,73393451;0,6594761;0,775312075;0,666854795;0;0;0;0,2492038;0,33185;0;0;0,47738;0;0;0,24716;0,638639;0,647545;0,674775;0,638639;0,621016;0,658914;0,703371;0,666539;0,7804104;0,417467;0,5679283;0,690994;0,812987;0,867793;0;0;0;0;0;0;0,634846;0,38819;0,755166;0,641372;0,003917;0;0,130077;0,650495;0,475699;0,554232;0,681044;0,64144;0;0;0,25;0,629884517;0;0;0;0;0,755166;0,641372;0;0;0,59306;0;0;0;0;0;0;0;0;0;0;0;0;0;0;0;0;0;0;0;0;0;0;0;0
102;0;0;0,751195;0,736255;0,728594;0,710695;0,473523;0,468611;0,57719;0,611044;0,50424;0,699185;0,724799;0,65122;0,684174;0,62643;0,62643;0,70378;0,70378;0,6964172;0,6964172;0,7809916;0,6964172;0,706368479;0,630633223;0,748958265;0,632137269;0;0;0;0;0;0;0;0,29145;0;0;0,24716;0,605833;0,62278;0,641103;0,601226;0,594387;0,634948;0,682907;0,64967;0,7682747;0,380974;0,5503667;0,676442;0,800517;0,857532;0;0;0;0;0;0;0,597378;0,3533;0,745502;0,628315;0;0;0,082075;0,621135;0,431635;0,51617;0,65904;0,623301;0;0;0,25;0,610744251;0;0;0;0;0,745502;0,628315;0;0;0,53591;0;0;0;0;0;0;0;0;0;0;0;0;0;0;0;0;0;0;0;0;0;0;0;0
103;0;0;0,729674;0,712666;0,707107;0,686609;0,433128;0,433243;0,47596;0,560194;0,43831;0,676815;0,7025;0,623471;0,657623;0,59096;0,59096;0,67512;0,67512;0,6717349;0,6717349;0,7579736;0,6717349;0,675832645;0,593732475;0,719047526;0,593732475;0;0;0;0;0;0;0;0;0;0;0,24716;0,569634;0,593795;0,604157;0,560175;0,56322;0,606898;0,661495;0,631458;0,755742;0,305573;0,5166284;0,66154;0,787519;0,846684;0;0;0;0;0;0;0,553521;0,31853;0,733956;0,61696;0;0;0;0,589125;0,383618;0,475699;0,635414;0,603116;0;0;0,25;0,590923937;0;0;0;0;0,733956;0,61696;0;0;0,46796;0;0;0;0;0;0;0;0;0;0;0;0;0;0;0;0;0;0;0;0;0;0;0;0
104;0;0;0,704281;0,685351;0,681977;0,65906;0,391983;0,397286;0,408884;0,533119;0,40512;0,651115;0,67661;0,592912;0,627914;0,55212;0,55212;0,64368;0,64368;0,6450457;0,6450457;0,7325363;0,6450457;0,64202112;0,551368605;0,684992599;0,551368605;0;0;0;0;0;0;0;0;0;0;0,24716;0,528478;0,558503;0,56164;0,512933;0,525272;0,572745;0,638984;0,612145;0,7428077;0,266972;0,5005829;0,646288;0,773992;0,83525;0;0;0;0;0;0;0,502906;0,28422;0,720945;0,607997;0;0;0;0,554232;0,331304;0,431635;0,610004;0,581145;0;0;0,25;0,570447135;0;0;0;0;0,720945;0,607997;0;0;0,38771;0;0;0;0;0;0;0;0;0;0;0;0;0;0;0;0;0;0;0;0;0;0;0;0
105;0;0;0,674424;0,653823;0,652627;0,627602;0,350541;0,361044;0,329642;0,504924;0,37198;0,621566;0,646586;0,559293;0,594722;0,50958;0,50958;0,6092;0,6092;0,6161867;0,6161867;0,7044256;0,6161867;0,604507879;0,504800657;0,646106124;0,504800657;0;0;0;0;0;0;0;0;0;0;0,24716;0,480804;0,514818;0,512184;0,457982;0,478299;0,530469;0,616403;0,592776;0,7294668;0,227995;0,4851579;0,630687;0,759938;0,82323;0;0;0;0;0;0;0,442422;0,25073;0,706884;0,602114;0;0;0;0,51617;0,274255;0,383618;0,58482;0,559415;0;0;0,25;0,549344162;0;0;0;0;0,706884;0,602114;0;0;0,2936;0;0;0;0;0;0;0;0;0;0;0;0;0;0;0;0;0;0;0;0;0;0;0;0
106;0;0;0,639509;0,617597;0,61848;0,59179;0,309326;0,324857;0,224475;0,475594;0,33905;0,587648;0,611889;0,522366;0,557723;0,463;0,463;0,57138;0,57138;0,5849813;0,5849813;0,6733604;0,5849813;0,56302181;0,453837478;0,601596717;0,453837478;0;0;0;0;0;0;0;0;0;0;0,24716;0,42505;0,460657;0,454114;0,39346;0,420061;0,478055;0,594783;0,574401;0,7157147;0;0,4703941;0,614736;0,745356;0,810623;0;0;0;0;0;0;0,369263;0;0,692189;0,6;0;0;0;0,475699;0,213505;0,331304;0,561874;0,539957;0;0;0,25;0;0;0;0;0;0,692189;0,6;0;0;0,18381;0;0;0;0;0;0;0;0;0;0;0;0;0;0;0;0;0;0;0;0;0;0;0;0
107;0;0;0,598946;0,576187;0,578958;0,551177;0,268908;0,289102;0,166667;0,445114;0,3065;0,54884;0,571977;0,48188;0,516594;0,41199;0,41199;0,52989;0,52989;0,5512389;0,5512389;0,6390302;0,5512389;0,517131099;0,398309396;0,550596655;0,398309396;0;0;0;0;0;0;0;0;0;0;0,24716;0,359655;0,393931;0,385691;0,317434;0,348313;0,413482;0,575154;0,558065;0,7015465;0;0,4563226;0,598434;0,730247;0,79743;0;0;0;0;0;0;0,277058;0;0,677275;0,6;0;0;0;0,431635;0,147341;0,274255;0,543176;0,5248;0;0;0,25;0;0;0;0;0;0,677275;0,6;0;0;0,05666;0;0;0;0;0;0;0;0;0;0;0;0;0;0;0;0;0;0;0;0;0;0;0;0
108;0;0;0,55214;0,529107;0,533484;0,505319;0,229895;0,254178;0;0,412446;0,27448;0,504624;0,526308;0,437588;0,471011;0,35613;0,35613;0,48438;0,48438;0,514753;0,514753;0,6010918;0,514753;0,466603375;0,338435027;0,49206504;0,338435027;0;0;0;0;0;0;0;0;0;0;0,24716;0,283056;0,312556;0,305115;0,227906;0,260813;0,334732;0,555632;0,542447;0,6869576;0;0,4429645;0,581784;0,714609;0,783651;0;0;0;0;0;0;0,195571;0;0,662559;0,6;0;0;0;0,383618;0,075334;0,213505;0,528507;0,51433;0;0;0,25;0;0;0;0;0;0,662559;0,6;0;0;0;0;0;0;0;0;0;0;0;0;0;0;0;0;0;0;0;0;0;0;0;0;0;0;0
109;0;0;0,498502;0,475872;0,48148;0,453769;0;0;0;0,375414;0;0,454479;0,474342;0,389239;0,420649;0,29495;0,29495;0,43447;0,43447;0,4753007;0,4753007;0,5591661;0,4753007;0,411229679;0,274973578;0,424986909;0,274973578;0;0;0;0;0;0;0;0;0;0;0;0,193691;0,214445;0,210526;0,122807;0,155317;0,239785;0,535531;0,52685;0,6719432;0;0,4303317;0,564783;0,698443;0,769285;0;0;0;0;0;0;0,083333;0;0,648456;0,6;0;0;0;0,331304;0;0,147341;0,516527;0,507193;0;0;0;0;0;0;0;0;0;0;0;0;0;0;0;0;0;0;0;0;0;0;0;0;0;0;0;0;0;0;0;0;0;0;0;0;0
110;0;0;0,437437;0,415996;0,422369;0,396083;0;0;0;0,329639;0;0,397885;0,415538;0,336583;0,365186;0,22796;0,22796;0,37971;0,37971;0,4326408;0,4326408;0,5128339;0,4326408;0,348672387;0,209405875;0,348672387;0,209405875;0;0;0;0;0;0;0;0;0;0;0;0;0;0;0;0;0;0,517675;0,513255;0,6564984;0;0,4184276;0,547433;0,68175;0,754333;0;0;0;0;0;0;0;0;0,635383;0,6;0;0;0;0,274255;0;0,075334;0,507564;0,502811;0;0;0;0;0;0;0;0;0;0;0;0;0;0;0;0;0;0;0;0;0;0;0;0;0;0;0;0;0;0;0;0;0;0;0;0;0
111;0;0;0,368355;0,348993;0,355573;0,331814;0;0;0;0,266381;0;0,334324;0,349354;0,279374;0,304296;0,1546;0,1546;0,31965;0,31965;0,3865125;0,3865125;0,4616321;0,3865125;0,263322102;0,144364048;0,263322102;0,144364048;0;0;0;0;0;0;0;0;0;0;0;0;0;0;0;0;0;0,50489;0,503644;0,6406185;0;0,4072483;0,529733;0,664528;0,738795;0;0;0;0;0;0;0;0;0,623754;0,6;0;0;0;0;0;0;0,501946;0,500606;0;0;0;0;0;0;0;0;0;0;0;0;0;0;0;0;0;0;0;0;0;0;0;0;0;0;0;0;0;0;0;0;0;0;0;0;0
112;0;0;0,290662;0,274378;0,280516;0,260517;0;0;0;0,168161;0;0,263275;0,27525;0,21736;0,237657;0,07425;0,07425;0,25377;0,25377;0,3366338;0,3366338;0,405049;0,3366338;0,171797747;0,084647626;0,171797747;0,084647626;0;0;0;0;0;0;0;0;0;0;0;0;0;0;0;0;0;0,5;0,5;0,6242989;0;0,3967829;0,511683;0,646779;0,72267;0;0;0;0;0;0;0;0;0,613985;0,6;0;0;0;0;0;0;0,5;0,5;0;0;0;0;0;0;0;0;0;0;0;0;0;0;0;0;0;0;0;0;0;0;0;0;0;0;0;0;0;0;0;0;0;0;0;0;0
113;0;0;0,203767;0,191664;0,19662;0,181746;0;0;0;0;0;0,184218;0,192684;0,150292;0,164944;0;0;0,18151;0,18151;0,2826998;0,2826998;0,342519;0,2826998;0,083425198;0,037019878;0,083425198;0,037019878;0;0;0;0;0;0;0;0;0;0;0;0;0;0;0;0;0;0,5;0,5;0,6075346;0;0,3870149;0,493283;0,628501;0,705959;0;0;0;0;0;0;0;0;0,606493;0,6;0;0;0;0;0;0;0,5;0,5;0;0;0;0;0;0;0;0;0;0;0;0;0;0;0;0;0;0;0;0;0;0;0;0;0;0;0;0;0;0;0;0;0;0;0;0;0
114;0;0;0,107077;0,100367;0,103307;0,095055;0;0;0;0;0;0,096633;0,101115;0,077923;0,085833;0;0;0,10224;0,10224;0,2243808;0,2243808;0,2734169;0,2243808;0,019053486;0,008737165;0,019053486;0,008737165;0;0;0;0;0;0;0;0;0;0;0;0;0;0;0;0;0;0,5;0,5;0,5903209;0;0,3779233;0,474534;0,609696;0,688662;0;0;0;0;0;0;0;0;0,601692;0,6;0;0;0;0;0;0;0,5;0,5;0;0;0;0;0;0;0;0;0;0;0;0;0;0;0;0;0;0;0;0;0;0;0;0;0;0;0;0;0;0;0;0;0;0;0;0;0
115;0;0;0;0;0;0;0;0;0;0;0;0;0;0;0;0;0;0,01529;0,01529;0,1613202;0,1613202;0,1970522;0,1613202;0,000183803;0,000378174;0,000183803;0,000378174;0;0;0;0;0;0;0;0;0;0;0;0;0;0;0;0;0;0,5;0,5;0,5726532;0;0,369483;0,455435;0,590363;0,670778;0;0;0;0;0;0;0;0;0,6;0,6;0;0;0;0;0;0;0,5;0,5;0;0;0;0;0;0;0;0;0;0;0;0;0;0;0;0;0;0;0;0;0;0;0;0;0;0;0;0;0;0;0;0;0;0;0;0;0
116;0;0;0;0;0;0;0;0;0;0;0;0;0;0;0;0;0;0;0;0,0931326;0,0931326;0,1126614;0,0931326;0;2,5E-09;0;2,5E-09;0;0;0;0;0;0;0;0;0;0;0;0;0;0;0;0;0;0,5;0,5;0,5545265;0;0;0,435986;0,570502;0,652308;0;0;0;0;0;0;0;0;0,6;0,6;0;0;0;0;0;0;0,5;0,5;0;0;0;0;0;0;0;0;0;0;0;0;0;0;0;0;0;0;0;0;0;0;0;0;0;0;0;0;0;0;0;0;0;0;0;0;0
117;0;0;0;0;0;0;0;0;0;0;0;0;0;0;0;0;0;0;0;0,0194011;0,0194011;0,0194011;0,0194011;0;0;0;0;0;0;0;0;0;0;0;0;0;0;0;0;0;0;0;0;0;0,5;0,5;0,5359361;0;0;0,416187;0,550113;0,633252;0;0;0;0;0;0;0;0;0,6;0,6;0;0;0;0;0;0;0,5;0,5;0;0;0;0;0;0;0;0;0;0;0;0;0;0;0;0;0;0;0;0;0;0;0;0;0;0;0;0;0;0;0;0;0;0;0;0;0
118;0;0;0;0;0;0;0;0;0;0;0;0;0;0;0;0;0;0;0;0;0;0;0;0;0;0;0;0;0;0;0;0;0;0;0;0;0;0;0;0;0;0;0;0;0,5;0,5;0,5168774;0;0;0,396038;0,529196;0,613609;0;0;0;0;0;0;0;0;0,6;0,6;0;0;0;0;0;0;0,5;0,5;0;0;0;0;0;0;0;0;0;0;0;0;0;0;0;0;0;0;0;0;0;0;0;0;0;0;0;0;0;0;0;0;0;0;0;0;0
119;0;0;0;0;0;0;0;0;0;0;0;0;0;0;0;0;0;0;0;0;0;0;0;0;0;0;0;0;0;0;0;0;0;0;0;0;0;0;0;0;0;0;0;0;0,5;0,5;0;0;0;0;0,507752;0,59338;0;0;0;0;0;0;0;0;0,6;0,6;0;0;0;0;0;0;0,5;0,5;0;0;0;0;0;0;0;0;0;0;0;0;0;0;0;0;0;0;0;0;0;0;0;0;0;0;0;0;0;0;0;0;0;0;0;0;0
120;0;0;0;0;0;0;0;0;0;0;0;0;0;0;0;0;0;0;0;0;0;0;0;0;0;0;0;0;0;0;0;0;0;0;0;0;0;0;0;0;0;0;0;0;0;0;0;0;0;0;0,485779;0,572565;0;0;0;0;0;0;0;0;0;0;0;0;0;0;0;0;0;0;0;0;0;0;0;0;0;0;0;0;0;0;0;0;0;0;0;0;0;0;0;0;0;0;0;0;0;0;0;0;0;0;0;0;0;0;0
121;0;0;0;0;0;0;0;0;0;0;0;0;0;0;0;0;0;0;0;0;0;0;0;0;0;0;0;0;0;0;0;0;0;0;0;0;0;0;0;0;0;0;0;0;0;0;0;0;0;0;0,463278;0,551163;0;0;0;0;0;0;0;0;0;0;0;0;0;0;0;0;0;0;0;0;0;0;0;0;0;0;0;0;0;0;0;0;0;0;0;0;0;0;0;0;0;0;0;0;0;0;0;0;0;0;0;0;0;0;0
122;0;0;0;0;0;0;0;0;0;0;0;0;0;0;0;0;0;0;0;0;0;0;0;0;0;0;0;0;0;0;0;0;0;0;0;0;0;0;0;0;0;0;0;0;0;0;0;0;0;0;0,44025;0,529175;0;0;0;0;0;0;0;0;0;0;0;0;0;0;0;0;0;0;0;0;0;0;0;0;0;0;0;0;0;0;0;0;0;0;0;0;0;0;0;0;0;0;0;0;0;0;0;0;0;0;0;0;0;0;0
123;0;0;0;0;0;0;0;0;0;0;0;0;0;0;0;0;0;0;0;0;0;0;0;0;0;0;0;0;0;0;0;0;0;0;0;0;0;0;0;0;0;0;0;0;0;0;0;0;0;0;0,416694;0,506601;0;0;0;0;0;0;0;0;0;0;0;0;0;0;0;0;0;0;0;0;0;0;0;0;0;0;0;0;0;0;0;0;0;0;0;0;0;0;0;0;0;0;0;0;0;0;0;0;0;0;0;0;0;0;0
124;0;0;0;0;0;0;0;0;0;0;0;0;0;0;0;0;0;0;0;0;0;0;0;0;0;0;0;0;0;0;0;0;0;0;0;0;0;0;0;0;0;0;0;0;0;0;0;0;0;0;0,392609;0,483441;0;0;0;0;0;0;0;0;0;0;0;0;0;0;0;0;0;0;0;0;0;0;0;0;0;0;0;0;0;0;0;0;0;0;0;0;0;0;0;0;0;0;0;0;0;0;0;0;0;0;0;0;0;0;0
125;0;0;0;0;0;0;0;0;0;0;0;0;0;0;0;0;0;0;0;0;0;0;0;0;0;0;0;0;0;0;0;0;0;0;0;0;0;0;0;0;0;0;0;0;0;0;0;0;0;0;0,367997;0,459693;0;0;0;0;0;0;0;0;0;0;0;0;0;0;0;0;0;0;0;0;0;0;0;0;0;0;0;0;0;0;0;0;0;0;0;0;0;0;0;0;0;0;0;0;0;0;0;0;0;0;0;0;0;0;0
126;0;0;0;0;0;0;0;0;0;0;0;0;0;0;0;0;0;0;0;0;0;0;0;0;0;0;0;0;0;0;0;0;0;0;0;0;0;0;0;0;0;0;0;0;0;0;0;0;0;0;0;-9999999;0;0;0;0;0;0;0;0;0;0;0;0;0;0;0;0;0;0;0;0;0;0;0;0;0;0;0;0;0;0;0;0;0;0;0;0;0;0;0;0;0;0;0;0;0;0;0;0;0;0;0;0;0;0;0
